SHCODE,WBCTRY,COUNTRY,TEAPRI60,TEAPRI65,TEAPRI70,TEAPRI75,TEAPRI80,TEAPRI85,TEAPRI90,TEASEC60,TEASEC65,TEASEC70,TEASEC75,TEASEC80,TEASEC85,TEASEC90,GEEPRI60,GEEPRI65,GEEPRI70,GEEPRI75,GEEPRI80,GEEPRI85,GEEPRI90,GEESEC60,GEESEC65,GEESEC70,GEESEC75,GEESEC80,GEESEC85,GEESEC90,SHPUPP60,SHPUPP65,SHPUPP70,SHPUPP75,SHPUPP80,SHPUPP85,SHPUPP90,SHPUPS60,SHPUPS65,SHPUPS70,SHPUPS75,SHPUPS80,SHPUPS85,SHPUPS90,REPPRI65,REPPRI70,REPPRI75,REPPRI80,REPPRI85,REPPRI90,REPSEC70,REPSEC75,REPSEC80,REPSEC85,REPSEC90,SCHDAY,SCHTIME,SALARP60,SALARP65,SALARP70,SALARP75,SALARP80,SALARP85,SALARP90,SHSALP60,SHSALP65,SHSALP70,SHSALP75,SHSALP80,SHSALP85,SHSALP90,DROP70,DROP75,DROP80,DROP85,DROP90,CONTINENT
1,DZA,Algeria,38.2999992370606,44.2999992370606,40.0,40.9000015258789,35.2000007629394,27.7999992370605,27.7000007629395,18.2999992370605,18.6000003814697,21.1000003814697,25.8999996185303,25.0,22.2000007629395,17.1000003814697,,237.0,326.0,358.0,239.0,,370.0,,1147.0,897.0,1368.0,640.0,,876.0,,15.5,17.7999992370605,15.5,8.60000038146973,,13.3000001907349,,75.1999969482422,48.9000015258789,59.2000007629394,23.0,,31.5,,,13.0,12.0,8.0,9.0,7.0,7.0,7.0,,14.0,180.0,810.0,,10269.0,11061.0,13851.0,8225.0,,9718.0,,673.0,603.0,599.0,296.0,,350.0,31.3,28.8,23.5,9.8,10.0,Africa
2,AGO,Angola,35.4000015258789,45.2000007629394,44.4000015258789,,31.5,31.2999992370606,31.8999996185303,15.8999996185303,18.8999996185303,15.1999998092651,,,,,,,,,,,,,,,,,,,,,,,,,,,,,,,,,,,,29.0,,33.0,,,,,,180.0,864.0,,,,,,,,,,,,,,,66.0,66.0,66.0,66.0,66.0,Africa
3,BEN,Benin,40.5,41.7000007629394,44.2999992370606,48.2999992370606,47.5,33.0,34.7000007629394,25.0,26.3999996185303,25.5,31.3999996185303,44.9000015258789,30.6000003814697,29.0,,297.0,293.0,110.0,202.0,,,,1491.0,1150.0,416.0,446.0,,,,24.7000007629395,25.7000007629395,10.5,18.2000007629395,,,,123.800003051758,101.099998474121,39.4000015258789,40.2000007629394,,,22.0,17.0,22.0,20.0,27.0,26.0,13.0,16.0,9.0,31.0,31.0,160.0,960.0,,11195.0,11020.0,4345.0,8544.0,,,,929.0,968.0,411.0,769.0,,,64.0,64.0,64.0,64.0,60.0,Africa
4,BWA,Botswana,31.5,40.0,36.5,33.0999984741211,32.2999992370606,32.0,31.7000007629394,11.6000003814697,20.1000003814697,14.6999998092651,16.6000003814697,18.3999996185303,21.6000003814697,16.6000003814697,78.0,69.0,103.0,128.0,211.0,207.0,207.0,789.0,1291.0,849.0,750.0,966.0,1436.0,,14.5,12.0,11.8000001907349,9.5,11.1999998092651,9.19999980926514,,147.100006103516,224.199996948242,97.9000015258789,55.5,51.4000015258789,63.7999992370606,,0.0,0.0,3.0,3.0,6.0,5.0,,,,1.0,1.0,190.0,912.0,2074.0,2221.0,2892.0,3532.0,4732.0,6469.0,6670.0,387.0,386.0,334.0,262.0,252.0,287.0,,50.4,18.2,26.7,10.7,20.0,Africa
5,HVO,Burkina Faso,,,,47.0999984741211,54.5,56.5,56.7000007629394,,,,19.7999992370605,25.8999996185303,,29.2999992370606,,,,145.0,104.0,84.0,,,,,765.0,469.0,295.0,,,,,33.2000007629394,22.0,16.2999992370605,,,,,174.600006103516,98.9000015258789,57.0999984741211,,18.0,,,17.0,16.0,18.0,,,14.0,14.0,19.0,198.0,,,,,6692.0,5613.0,4563.0,,,,,1528.0,1184.0,884.0,,51.0,38.3,25.1,26.2,29.0,Africa
6,BDI,Burundi,35.7000007629394,40.4000015258789,36.7000007629394,30.7999992370606,36.5999984741211,56.2000007629394,66.9000015258789,14.8999996185303,10.6999998092651,11.1999998092651,18.6000003814697,15.6999998092651,14.0,21.7999992370605,127.0,110.0,89.0,124.0,130.0,65.0,69.0,1645.0,892.0,2073.0,873.0,976.0,690.0,617.0,21.5,30.0,27.5,29.2999992370606,28.0,12.6999998092651,12.6000003814697,279.299987792969,244.399993896484,639.799987792969,206.399993896484,210.399993896484,135.399993896484,112.199996948242,,22.0,26.0,30.0,18.0,22.0,5.0,,10.0,12.0,14.0,228.0,874.0,3862.0,3953.0,2891.0,3359.0,4041.0,3543.0,4106.0,656.0,1083.0,892.0,794.0,871.0,695.0,746.0,91.4,54.4,5.7,13.3,23.0,Africa
7,CMR,Cameroon,46.7000007629394,47.2000007629394,47.7000007629394,50.5999984741211,51.5,50.7999992370606,51.0999984741211,22.3999996185303,25.2999992370605,23.7000007629395,29.8999996185303,26.2000007629395,31.0,25.8999996185303,,50.0,66.0,,75.0,95.0,79.0,,629.0,553.0,,339.0,364.0,238.0,,6.90000009536743,7.59999990463257,,5.80000019073486,6.59999990463257,6.40000009536743,,86.1999969482422,63.9000015258789,,26.6000003814697,25.3999996185303,19.3999996185303,,,25.0,30.0,29.0,29.0,11.0,11.0,19.0,19.0,11.0,190.0,1140.0,,2022.0,2703.0,,3253.0,3640.0,,,277.0,312.0,,255.0,254.0,,30.0,30.0,30.0,30.0,31.0,Africa
10,TCD,Chad,,95.1999969482422,64.9000015258789,84.8000030517578,,70.5999984741211,64.0,21.8999996185303,29.2999992370606,23.0,31.7000007629394,,37.4000015258789,38.7999992370606,,69.0,102.0,,,,36.0,,970.0,673.0,,,,175.0,,10.8999996185303,18.7999992370605,,,,9.0,,153.0,124.0,,,,43.7000007629394,,27.0,37.0,,24.0,33.0,11.0,,,19.0,20.0,234.0,1170.0,,4053.0,4851.0,,,,1665.0,,639.0,893.0,,,,416.0,22.0,22.0,22.0,22.0,29.0,Africa
11,COM,Comoros,40.5,39.7000007629394,41.7000007629394,41.9000015258789,46.2000007629394,34.7999992370606,36.5,17.0,18.7999992370605,20.2000007629395,25.0,30.7000007629394,,25.7999992370605,,,,,,,57.0,,,,,,,221.0,,,,,,,10.0,,,,,,,39.0999984741211,,,,25.0,33.0,39.0,,,11.0,23.0,33.0,198.0,,,,,,,,1949.0,,,,,,,346.0,69.0,69.0,69.0,69.0,69.0,Africa
12,COG,Congo,52.7000007629394,59.9000015258789,61.9000015258789,58.7000007629394,54.4000015258789,61.4000015258789,65.9000015258789,20.1000003814697,26.7000007629395,33.0,42.2999992370606,36.7000007629394,35.2000007629394,26.7000007629395,136.0,120.0,169.0,158.0,162.0,133.0,,995.0,774.0,888.0,460.0,274.0,,,12.8000001907349,11.6000003814697,10.6999998092651,9.69999980926514,8.89999961853027,5.19999980926514,,93.5999984741211,75.0999984741211,56.2000007629394,28.1000003814697,15.0,,,27.0,33.0,26.0,26.0,30.0,36.0,17.0,17.0,33.0,42.0,44.0,198.0,,6095.0,6588.0,9392.0,6686.0,8764.0,,,573.0,639.0,594.0,408.0,479.0,,,26.6,29.5,25.8,29.3,46.0,Africa
13,EGY,Egypt,39.2999992370606,39.5,38.0,35.4000015258789,33.5,31.8999996185303,22.8999996185303,16.2000007629395,20.1000003814697,25.0,27.6000003814697,24.0,20.3999996185303,19.2000007629395,161.0,170.0,188.0,177.0,179.0,,299.0,448.0,330.0,282.0,194.0,163.0,,205.0,20.8999996185303,17.5,17.1000003814697,14.6000003814697,11.3999996185303,,15.6000003814697,58.2999992370606,33.7999992370606,25.6000003814697,16.0,10.3999996185303,,10.6999998092651,,4.0,7.0,8.0,2.0,8.0,,14.0,17.0,16.0,12.0,228.0,1140.0,6017.0,6585.0,7265.0,6210.0,5581.0,,6728.0,782.0,675.0,660.0,512.0,355.0,,352.0,22.1,16.1,14.9,6.6,0.0,Africa
14,ETH,Ethiopia,37.0,41.5,48.5,44.2999992370606,63.9000015258789,48.0999984741211,36.0999984741211,32.5,20.1000003814697,27.7000007629395,34.0,42.7999992370606,42.0,37.0999984741211,75.0,94.0,107.0,73.0,68.0,,,1541.0,437.0,333.0,440.0,218.0,,,30.2000007629394,33.5,37.2999992370606,24.8999996185303,22.2000007629395,,,618.799987792969,155.300003051758,116.099998474121,149.699996948242,70.8000030517578,,,,,,12.0,10.0,9.0,,,,11.0,13.0,198.0,,2302.0,3445.0,4865.0,3096.0,4456.0,,,924.0,1226.0,1695.0,1053.0,1447.0,,,50.2,50.2,50.2,50.4,72.0,Africa
15,GAB,Gabon,,38.9000015258789,45.5,48.2999992370606,45.0999984741211,45.7999992370606,43.9000015258789,,17.1000003814697,19.5,22.2000007629395,18.5,21.2999992370605,31.6000003814697,,,,,,,190.0,,,,,,,1007.0,,,,,,,4.80000019073486,,,,,,,25.3999996185303,,,34.0,35.0,32.0,33.0,,,22.0,24.0,25.0,198.0,,,,,,,,9065.0,,,,,,,229.0,56.0,56.0,56.0,56.0,56.0,Africa
16,GMB,Gambia,30.7999992370606,30.8999996185303,27.5,26.0,24.0,23.2000007629395,31.2999992370606,19.1000003814697,22.2999992370605,19.8999996185303,19.1000003814697,15.6000003814697,22.3999996185303,24.6000003814697,137.0,178.0,120.0,148.0,118.0,94.0,91.0,600.0,586.0,246.0,267.0,253.0,181.0,197.0,27.7999992370605,29.7000007629394,20.0,21.6000003814697,13.3000001907349,15.3000001907349,11.5,121.800003051758,98.0999984741211,40.7999992370606,38.9000015258789,28.7000007629394,29.3999996185303,24.7000007629395,,13.0,10.0,13.0,17.0,18.0,,1.0,2.0,2.0,2.0,198.0,,2943.0,4153.0,3019.0,3265.0,2346.0,1550.0,2109.0,597.0,694.0,501.0,476.0,266.0,252.0,264.0,4.0,4.0,4.0,4.0,4.0,Africa
17,GHA,Ghana,33.2000007629394,32.0999984741211,29.6000003814697,30.1000003814697,28.7999992370606,23.2000007629395,29.1000003814697,16.2000007629395,18.7999992370605,17.0,22.1000003814697,21.8999996185303,20.1000003814697,19.2999992370605,,102.0,95.0,88.0,35.0,40.0,48.0,,1227.0,965.0,276.0,93.0,104.0,128.0,,11.8000001907349,9.39999961853027,10.0,3.79999995231628,5.19999980926514,5.30000019073486,,141.300003051758,94.9000015258789,31.3999996185303,10.1000003814697,13.8000001907349,14.1999998092651,,3.0,2.0,2.0,,3.0,3.0,1.0,,,1.0,198.0,,,2549.0,2758.0,2051.0,799.0,812.0,1373.0,,294.0,271.0,233.0,87.0,107.0,152.0,28.4,24.0,18.5,18.5,18.5,Africa
18,GIN,Guinea,65.5999984741211,41.0999984741211,43.7000007629394,40.0,35.9000015258789,36.2999992370606,39.9000015258789,26.0,23.7999992370605,22.7999992370605,25.5,25.5,20.0,14.3999996185303,,,,,,,,,,,,,,,,,,,,,,,,,,,,,,,10.0,22.0,27.0,20.0,,,46.0,43.0,23.0,204.0,1020.0,,,,,,,,,,,,,,,57.0,57.0,57.0,57.0,33.0,Africa
21,KEN,Kenya,42.0,33.0,34.4000015258789,33.5,38.2999992370606,34.0,31.2999992370606,15.0,18.1000003814697,20.6000003814697,24.7999992370605,25.1000003814697,19.7000007629395,17.5,25.0,107.0,80.0,131.0,100.0,111.0,122.0,609.0,1087.0,551.0,457.0,288.0,347.0,398.0,4.0,18.0,13.8000001907349,16.0,11.3000001907349,14.3999996185303,13.3999996185303,94.8000030517578,182.399993896484,94.6999969482422,56.0,32.4000015258789,45.0,43.7000007629394,,5.0,5.0,13.0,,,,,,,1.0,198.0,,980.0,2733.0,,,,3796.0,,153.0,459.0,,,,492.0,,,,,,,Africa
22,LSO,Lesotho,54.0,60.7999992370606,46.2999992370606,52.5,48.0,55.4000015258789,54.5,19.5,18.0,22.2999992370605,22.2000007629395,19.5,19.7000007629395,20.8999996185303,41.0,77.0,91.0,91.0,150.0,113.0,143.0,677.0,721.0,790.0,,1097.0,792.0,737.0,14.1000003814697,20.2999992370605,23.3999996185303,12.8999996185303,16.3999996185303,12.3000001907349,14.8000001907349,235.100006103516,190.399993896484,204.100006103516,,120.0,86.8000030517578,76.1999969482422,,20.0,6.0,21.0,23.0,22.0,,,,6.0,6.0,198.0,,2322.0,4913.0,3229.0,,5474.0,5443.0,7052.0,806.0,1296.0,834.0,,599.0,597.0,729.0,78.1,65.9,51.6,48.3,50.0,Africa
23,LBR,Liberia,32.4000015258789,31.7999992370606,35.5,41.2000007629394,25.0,28.3999996185303,,14.1999998092651,20.7999992370605,16.5,19.0,45.7999992370606,31.2000007629394,21.0,89.0,139.0,,,71.0,,,31.0,347.0,,,265.0,,,12.6999998092651,17.2999992370605,,,7.80000019073486,,,4.40000009536743,43.2000007629394,,,28.7000007629394,,,,,,11.0,,,,,8.0,,,198.0,,2103.0,2449.0,,,1275.0,,,300.0,305.0,,,138.0,,,,,,,,Africa
24,MDG,Madagascar,69.9000015258789,70.9000015258789,65.0,60.0999984741211,43.7000007629394,39.4000015258789,40.5,26.7000007629395,21.0,19.7999992370605,25.8999996185303,,25.7999992370605,20.7999992370605,72.0,223.0,105.0,64.0,71.0,51.0,37.0,1068.0,1656.0,347.0,419.0,314.0,110.0,124.0,6.19999980926514,20.5,9.30000019073486,6.5,7.40000009536743,6.80000019073486,5.5,91.8000030517578,152.399993896484,30.7999992370606,42.4000015258789,32.7000007629394,14.8000001907349,18.3999996185303,29.0,29.0,24.0,,33.0,35.0,13.0,7.0,,18.0,17.0,198.0,,2831.0,9389.0,5853.0,3792.0,4354.0,1991.0,1630.0,243.0,864.0,520.0,384.0,454.0,267.0,242.0,62.0,62.0,62.0,62.0,62.0,Africa
25,MWI,Malawi,40.9000015258789,38.9000015258789,43.2999992370606,60.5,64.5999984741211,61.0,64.4000015258789,13.6999998092651,16.7000007629395,16.2000007629395,18.8999996185303,21.2000007629395,21.6000003814697,26.0,34.0,35.0,67.0,40.0,36.0,49.0,31.0,1056.0,550.0,1229.0,885.0,643.0,664.0,378.0,9.30000019073486,8.80000019073486,15.5,8.0,6.69999980926514,9.89999961853027,6.09999990463257,287.799987792969,137.800003051758,285.100006103516,177.5,118.900001525879,133.100006103516,72.9000015258789,16.0,16.0,16.0,17.0,18.0,21.0,,,,2.0,2.0,200.0,880.0,1353.0,810.0,1168.65,1638.0,1778.0,2607.0,1304.0,369.0,203.0,,328.0,329.0,522.0,251.0,70.4,70.4,66.0,53.7,58.0,Africa
26,MLI,Mali,44.5999984741211,40.7999992370606,40.0999984741211,40.5999984741211,42.4000015258789,34.0,41.7999992370606,17.3999996185303,16.7000007629395,15.3999996185303,18.8999996185303,16.6000003814697,10.1000003814697,13.6999998092651,,,,297.0,174.0,207.0,,,,,869.0,423.0,517.0,,,,,69.1999969482422,34.9000015258789,40.2000007629394,,,,,202.199996948242,85.0,100.5,,26.0,26.0,23.0,30.0,30.0,27.0,28.0,22.0,35.0,30.0,26.0,198.0,,,,,11540.0,4689.0,6946.0,,,,,2684.0,942.0,1349.0,,55.8,42.2,63.6,60.4,50.0,Africa
27,MRT,Mauritania,20.0,19.5,24.0,35.0999984741211,41.5,37.2000007629394,45.0999984741211,16.7999992370605,21.7000007629395,23.0,25.0,30.2999992370606,22.5,17.7000007629395,663.0,,,,,180.0,,3957.0,,,,,850.0,,77.8000030517578,,,,,22.2000007629395,,463.899993896484,,,,,105.099998474121,,,,15.0,14.0,18.0,20.0,11.0,11.0,8.0,13.0,17.0,198.0,,9641.0,,,,,5212.0,,1130.0,,,,,644.0,,22.0,22.0,22.0,22.0,32.0,Africa
28,MUS,Mauritius,36.2000007629394,33.5,31.7999992370606,26.0,20.2000007629395,21.7999992370605,30.3999996185303,22.0,22.2000007629395,25.2000007629395,29.8999996185303,26.2999992370605,19.8999996185303,21.0,256.0,257.0,256.0,292.0,544.0,451.0,392.0,373.0,289.0,269.0,411.0,710.0,729.0,949.0,9.10000038146973,8.39999961853027,11.0,8.10000038146973,14.0,10.8999996185303,6.69999980926514,13.3000001907349,9.39999961853027,11.5,11.3999996185303,18.2000007629395,17.6000003814697,16.2999992370605,,,,,6.0,8.0,,7.0,10.0,15.0,13.0,190.0,950.0,8818.0,8025.0,7777.0,5932.0,4230.0,5167.0,8695.0,313.0,261.0,333.0,165.0,109.0,125.0,149.0,4.1,4.1,4.1,4.1,3.0,Africa
29,MAR,Morocco,42.4000015258789,38.5999984741211,34.2999992370606,41.5999984741211,38.2000007629394,27.7999992370605,27.1000003814697,,25.7999992370605,20.3999996185303,24.2000007629395,21.7999992370605,18.7999992370605,14.6000003814697,319.0,262.0,258.0,286.0,277.0,355.0,344.0,1505.0,718.0,1014.0,1087.0,987.0,908.0,1067.0,40.2999992370606,22.2000007629395,19.7999992370605,19.1000003814697,14.8000001907349,18.7999992370605,16.0,190.300003051758,60.7999992370606,77.8000030517578,72.5,52.9000015258789,48.0,49.5999984741211,27.0,30.0,28.0,29.0,20.0,15.0,17.0,16.0,15.0,16.0,17.0,228.0,1140.0,13302.0,10970.0,9207.0,13510.0,10187.0,10814.0,10834.0,1682.0,928.0,707.0,901.0,546.0,572.0,504.0,32.7,20.6,20.1,31.1,25.0,Africa
30,MOZ,Mozambique,95.3000030517578,76.6999969482422,68.8000030517578,84.8000030517578,81.5,61.5,56.2000007629394,21.5,15.0,16.7000007629395,,36.7000007629394,32.4000015258789,34.4000015258789,,,,,,,163.0,,,,,,,386.0,,,,,,,21.3999996185303,,,,,,,50.9000015258789,29.0,29.0,29.0,29.0,24.0,27.0,,,,20.0,27.0,193.0,,,,,,,,8903.0,,,,,,,1171.0,66.0,66.0,66.0,66.0,60.0,Africa
31,NER,Niger,44.2999992370606,41.7000007629394,38.9000015258789,39.2999992370606,41.5,37.4000015258789,41.7000007629394,14.1999998092651,14.6000003814697,20.2999992370605,22.7000007629395,30.2999992370606,28.2000007629394,27.7000007629395,224.0,187.0,241.0,,,,,1630.0,1936.0,1271.0,,,,,44.5999984741211,30.8999996185303,32.2000007629394,,,,,324.100006103516,319.399993896484,169.600006103516,,,,,23.0,19.0,13.0,14.0,15.0,14.0,8.0,12.0,7.0,19.0,19.0,170.0,1020.0,8280.0,5456.0,7172.0,,,,,1646.0,900.0,958.0,,,,,25.0,25.0,25.0,25.0,18.0,Africa
32,NGA,Nigeria,30.2000007629394,33.4000015258789,34.0999984741211,34.7999992370606,37.2000007629394,44.0999984741211,39.0,19.1000003814697,17.7999992370605,21.2000007629395,44.2000007629394,28.7999992370606,36.2000007629394,22.1000003814697,,,,,,,,,,,,,,,,,,,,,,,,,,,,,22.0,17.0,17.0,17.0,19.0,20.0,,,,,,198.0,,,,,,,,,,,,,,,,42.0,42.0,42.0,42.0,42.0,Africa
33,RWA,Rwanda,38.7999992370606,67.0999984741211,59.7000007629394,50.0999984741211,59.2000007629394,56.2000007629394,57.4000015258789,14.1999998092651,10.6999998092651,13.3000001907349,16.0,14.1999998092651,15.1000003814697,25.1000003814697,110.0,101.0,84.0,103.0,81.0,120.0,107.0,1323.0,945.0,979.0,830.0,823.0,406.0,347.0,21.3999996185303,30.0,13.3999996185303,17.0,11.1000003814697,16.3999996185303,14.1000003814697,257.399993896484,280.600006103516,156.600006103516,136.5,112.099998474121,55.5999984741211,45.9000015258789,22.0,30.0,21.0,6.0,12.0,11.0,3.0,6.0,7.0,4.0,6.0,234.0,1326.0,3974.0,6565.0,4317.0,4504.0,3988.0,5975.0,5778.0,773.0,1948.0,691.0,741.0,543.0,817.0,764.0,70.0,51.7,37.2,38.3,50.0,Africa
34,SEN,Senegal,42.9000015258789,42.5999984741211,45.0,41.2000007629394,45.7000007629394,46.5,58.2999992370606,34.0,28.8999996185303,29.0,26.7999992370605,22.2000007629395,27.2000007629395,34.2000007629394,296.0,166.0,,339.0,277.0,,187.0,1824.0,905.0,,1056.0,754.0,,407.0,29.1000003814697,15.1000003814697,,31.2000007629394,25.5,,16.3999996185303,179.399993896484,82.4000015258789,,97.3000030517578,69.4000015258789,,35.5999984741211,18.0,20.0,15.0,16.0,16.0,16.0,11.0,,14.0,17.0,11.0,180.0,1008.0,11282.0,4331.0,,11503.0,9340.0,,9326.0,1109.0,394.0,,1060.0,859.0,,814.0,28.9,14.1,14.1,17.1,15.0,Africa
35,SYC,Seychelles,25.8999996185303,25.2000007629395,24.2000007629395,23.8999996185303,22.0,22.0,18.7000007629395,18.2999992370605,20.3999996185303,19.7000007629395,21.2999992370605,17.8999996185303,10.8999996185303,13.3999996185303,,174.0,169.0,280.0,,406.0,400.0,,592.0,634.0,557.0,,2698.0,1885.0,,13.0,10.1000003814697,15.3000001907349,,13.3000001907349,10.1000003814697,,44.2000007629394,37.7999992370606,30.5,,88.8000030517578,47.4000015258789,,1.0,1.0,0.0,0.0,0.0,0.0,,1.0,,,198.0,,,3953.0,3534.0,6227.0,,6547.0,6826.0,,295.0,211.0,341.0,,215.0,172.0,22.0,22.0,22.0,22.0,22.0,Africa
36,SLE,Sierra Leone,35.7000007629394,31.7999992370606,32.2999992370606,32.2999992370606,33.0999984741211,32.2999992370606,33.9000015258789,16.6000003814697,22.0,20.7999992370605,19.3999996185303,21.7000007629395,31.5,17.2000007629395,,144.0,98.0,96.0,,,27.0,,512.0,485.0,,,,146.0,,15.5,9.39999961853027,8.89999961853027,,,3.0,,55.0999984741211,46.2000007629394,,,,16.2000007629395,,,,15.0,,,10.0,16.0,,,,198.0,,,3467.0,1736.0,,,,,,374.0,165.0,,,,,64.0,64.0,64.0,64.0,64.0,Africa
37,SOM,Somalia,28.5,25.7000007629395,33.2000007629394,56.7999992370606,33.5,19.0,,19.6000003814697,16.5,24.2999992370605,20.7999992370605,21.0,16.3999996185303,,,255.0,386.0,130.0,73.0,,,,608.0,218.0,337.0,186.0,,,,28.8999996185303,45.9000015258789,15.0,8.69999980926514,,,,68.9000015258789,25.8999996185303,38.7999992370606,22.3999996185303,,,11.0,,,,,,,,,,,198.0,,,5060.0,10306.0,5512.0,2319.0,,,,573.0,1224.0,636.0,279.0,,,,,,,,Africa
39,SDN,Sudan,41.0999984741211,47.5999984741211,46.5,36.9000015258789,33.7000007629394,34.7000007629394,34.0,20.0,17.2999992370605,16.6000003814697,21.3999996185303,20.3999996185303,24.2000007629395,21.7999992370605,,,,,317.0,271.0,,,,,,779.0,,,,,,,28.5,26.3999996185303,,,,,,70.1999969482422,,,,2.0,1.0,0.0,0.0,0.0,5.0,,,,,198.0,,,,,,,,,,,,,,,,24.0,24.0,24.0,24.0,24.0,Africa
41,TZA,Tanzania,45.2999992370606,52.2999992370606,45.9000015258789,49.7999992370606,41.4000015258789,34.2000007629394,34.9000015258789,19.6000003814697,18.8999996185303,18.3999996185303,19.2999992370605,20.5,17.6000003814697,21.0,,96.0,93.0,68.0,53.0,,,,1352.0,1507.0,1270.0,693.0,,,,25.7999992370605,21.7000007629395,13.1000003814697,11.0,,,,364.5,349.700012207031,245.600006103516,143.5,,,,2.0,,1.0,1.0,5.0,,,,,,198.0,,,3431.0,3056.0,2093.0,943.0,,,,925.0,709.0,405.0,195.0,,,41.4,16.2,18.2,19.2,27.0,Africa
42,TGO,Togo,63.0999984741211,50.2999992370606,58.5,59.7000007629394,55.0999984741211,46.0999984741211,58.7000007629394,27.2000007629395,20.6000003814697,25.0,39.4000015258789,30.2000007629394,22.2999992370605,27.8999996185303,,85.0,73.0,,59.0,66.0,50.0,,223.0,259.0,,243.0,231.0,222.0,,17.2999992370605,11.8000001907349,,8.19999980926514,10.8000001907349,7.90000009536743,,45.2999992370606,41.7999992370606,,33.5,38.0,34.7000007629394,,34.0,29.0,36.0,35.0,37.0,19.0,15.0,31.0,31.0,35.0,180.0,1008.0,,3494.0,3496.0,,3235.0,2571.0,2347.0,,710.0,564.0,,447.0,422.0,366.0,31.1,24.1,57.1,40.8,41.0,Africa
43,TUN,Tunisia,61.0999984741211,55.5999984741211,47.5,40.0,38.5,31.6000003814697,27.7999992370605,15.8000001907349,26.8999996185303,27.7999992370605,23.0,20.5,18.1000003814697,17.1000003814697,171.0,170.0,,239.0,278.0,339.0,338.0,743.0,864.0,,1146.0,888.0,805.0,770.0,15.8999996185303,14.0,,11.8999996185303,11.1999998092651,12.6000003814697,11.6000003814697,69.0999984741211,71.0999984741211,,57.2999992370606,35.9000015258789,29.7999992370606,26.5,27.0,29.0,19.0,21.0,20.0,20.0,,12.0,12.0,17.0,16.0,180.0,810.0,8507.0,10342.0,,9363.0,10352.0,11063.0,10796.0,791.0,851.0,,468.0,418.0,409.0,371.0,44.5,19.3,22.0,22.9,22.0,Africa
44,UGA,Uganda,30.7000007629394,32.2999992370606,33.5,33.9000015258789,33.5999984741211,34.5,34.7999992370606,17.7999992370605,15.6999998092651,19.7999992370605,21.2999992370605,22.6000003814697,21.7000007629395,16.7999992370605,,,,,,,,,,,,,,,,,,,,,,,,,,,,,,,10.0,10.0,14.0,14.0,,2.0,,,,195.0,975.0,,,,,,,,,,,,,,,22.4,22.4,24.3,24.3,24.3,Africa
46,ZMB,Zambia,50.5,51.0,46.7999992370606,48.2000007629394,48.5999984741211,36.0999984741211,44.0999984741211,13.5,19.2000007629395,19.8999996185303,22.0,20.8999996185303,22.7999992370605,27.8999996185303,66.0,,98.0,124.0,87.0,65.0,23.0,914.0,,822.0,770.0,534.0,411.0,226.0,6.90000009536743,,8.89999961853027,10.1999998092651,9.39999961853027,8.5,3.29999995231628,96.1999969482422,,75.0,63.0,57.4000015258789,53.0999984741211,32.7999992370606,,,2.0,2.0,2.0,2.0,,,1.0,2.0,,195.0,975.0,1954.0,,3511.0,4665.0,3117.0,1766.0,,206.0,,320.0,381.0,335.0,228.0,,24.5,19.7,16.5,19.9,16.0,Africa
47,ZWE,Zimbabwe,35.4000015258789,37.0999984741211,40.0,40.7000007629394,43.9000015258789,39.5,35.7999992370606,,,,18.5,19.7999992370605,27.7999992370605,26.8999996185303,,,130.0,153.0,290.0,232.0,250.0,,,1546.0,1288.0,1543.0,457.0,421.0,,,12.1000003814697,11.6999998092651,24.6000003814697,19.7000007629395,21.2000007629395,,,144.199996948242,98.0999984741211,131.0,38.7999992370606,35.5999984741211,0.0,0.0,0.0,0.0,1.0,1.0,,,,0.0,,195.0,1053.0,,,,5595.0,9991.0,9026.0,9278.0,,,,426.0,848.0,766.0,786.0,26.0,26.0,26.0,26.0,6.0,Africa
49,BRB,Barbados,40.4000015258789,33.0,31.6000003814697,27.3999996185303,26.6000003814697,21.3999996185303,17.5,28.7999992370606,28.2999992370606,18.6000003814697,20.3999996185303,23.3999996185303,19.7999992370605,19.6000003814697,291.0,,627.0,676.0,,,,273.0,,1134.0,804.0,,,,10.8000001907349,,13.1000003814697,12.5,,,,10.1000003814697,,23.7999992370605,14.8999996185303,,,,,,,,,,,,,,,190.0,950.0,7505.0,,19373.0,17179.0,,,,278.0,,406.0,319.0,,,,25.0,25.0,25.0,25.0,25.0,Americas
50,CAN,Canada,26.2999992370605,26.6000003814697,23.3999996185303,20.5,18.2999992370605,16.7000007629395,15.3000001907349,21.2999992370605,17.5,16.2999992370605,17.8999996185303,17.8999996185303,14.8999996185303,14.0,389.0,755.0,1288.0,2422.0,3325.0,4139.0,3861.0,1318.0,2105.0,3091.0,2429.0,3328.0,4413.0,4251.0,5.30000019073486,8.60000038146973,12.6999998092651,19.6000003814697,23.3999996185303,26.3999996185303,22.5,18.1000003814697,24.1000003814697,30.3999996185303,19.7000007629395,23.3999996185303,28.1000003814697,24.7000007629395,5.0,5.0,5.0,4.0,4.0,3.0,8.0,10.0,11.0,13.0,12.0,195.0,975.0,9368.0,18991.0,20159.0,34695.0,40896.0,45864.0,39970.0,129.0,217.0,198.0,281.0,287.0,292.0,233.0,4.0,4.0,4.0,4.0,4.0,Americas
51,CRI,Costa Rica,25.8999996185303,26.7999992370605,29.7999992370606,29.1000003814697,27.7000007629395,31.5,31.8999996185303,21.5,18.7999992370605,16.5,22.6000003814697,19.0,17.0,19.0,230.0,312.0,322.0,383.0,421.0,309.0,355.0,273.0,596.0,680.0,748.0,830.0,632.0,707.0,11.3999996185303,13.1999998092651,11.5,12.0,11.3999996185303,9.5,10.1000003814697,13.6000003814697,25.1000003814697,24.3999996185303,23.5,22.5,19.3999996185303,20.2000007629395,14.0,10.0,6.0,8.0,11.0,11.0,11.0,,10.0,13.0,12.0,195.0,999.0,5135.0,9012.0,10709.0,8707.0,7718.0,9566.0,12829.0,255.0,380.0,383.0,274.0,209.0,294.0,367.0,29.2,22.9,25.1,19.5,21.0,Americas
52,DMA,Dominica,35.2999992370606,33.5999984741211,,25.5,18.6000003814697,15.3000001907349,29.2000007629394,18.5,18.5,,24.0,,,,,,,,,,,,,,,,,,,,,,,,,,,,,,,,,,,,5.0,5.0,,,,5.0,,195.0,975.0,,,,,,,,,,,,,,,15.0,15.0,15.0,15.0,15.0,Americas
54,SLV,El Salvador,37.0,34.5,37.4000015258789,53.2999992370606,48.0,42.5999984741211,42.2000007629394,14.8999996185303,17.6000003814697,25.0,18.0,23.7000007629395,23.7000007629395,28.2000007629394,,207.0,195.0,201.0,241.0,,,,215.0,239.0,338.0,,,,,12.3000001907349,11.1999998092651,10.1999998092651,12.5,,,,12.8000001907349,13.6999998092651,17.2999992370605,,,,,16.0,7.0,9.0,1.0,8.0,2.0,1.0,,1.0,1.0,195.0,1000.0,,7083.0,7565.0,10444.0,,,,,422.0,435.0,533.0,,,,76.1,71.1,40.3,69.0,76.0,Americas
55,GRD,Grenada,41.2999992370606,41.2000007629394,37.9000015258789,32.0,23.2999992370605,26.0,28.2999992370606,23.7999992370605,22.7999992370605,25.2999992370605,26.7999992370605,27.7999992370605,21.0,,,,,,,275.0,,,,,,,272.0,,,,,,,14.8999996185303,,,,,,,14.6999998092651,,,,6.0,11.0,12.0,,,,,17.0,,195.0,,,,,,,7492.0,,,,,,,406.0,,,,,,,Americas
56,GTM,Guatemala,30.5,32.5,36.0,34.5999984741211,33.7999992370606,36.5999984741211,34.0,6.80000019073486,7.69999980926514,13.8000001907349,16.6000003814697,17.8999996185303,13.8999996185303,14.1999998092651,197.0,206.0,187.0,165.0,124.0,,,573.0,449.0,383.0,311.0,214.0,,,12.0,11.6999998092651,9.30000019073486,7.40000009536743,4.90000009536743,,,35.0,25.5,19.1000003814697,14.0,8.39999961853027,,,19.0,16.0,15.0,15.0,13.0,,,4.0,3.0,,,175.0,875.0,4865.0,6349.0,6623.0,4472.0,3688.0,,,297.0,360.0,330.0,202.0,145.0,,,69.2,67.8,58.7,64.5,64.0,Americas
57,HTI,Haiti,42.9000015258789,45.7000007629394,47.0999984741211,41.2000007629394,44.0999984741211,37.5999984741211,21.2000007629395,12.6999998092651,14.8999996185303,18.1000003814697,16.2999992370605,22.7000007629395,19.7000007629395,19.5,130.0,107.0,55.0,49.0,58.0,35.0,,527.0,396.0,,122.0,128.0,74.0,,14.8999996185303,12.6999998092651,6.90000009536743,6.19999980926514,5.90000009536743,4.0,,60.4000015258789,47.0999984741211,,15.3000001907349,13.0,8.69999980926514,,,,11.0,16.0,9.0,13.0,,6.0,6.0,8.0,8.0,220.0,1012.0,4989.0,3831.0,,2049.0,2016.0,960.0,,573.0,455.0,,256.0,206.0,112.0,,68.8,68.8,68.8,67.9,61.0,Americas
58,HND,Honduras,31.7999992370606,28.7999992370606,35.2999992370606,35.2999992370606,36.7000007629394,38.5,38.0999984741211,9.69999980926514,9.30000019073486,14.1999998092651,18.1000003814697,28.3999996185303,26.7000007629395,22.7999992370605,131.0,168.0,153.0,152.0,154.0,149.0,151.0,544.0,,351.0,173.0,211.0,,252.0,13.1000003814697,15.5,12.6000003814697,12.3000001907349,10.3000001907349,11.5,11.0,54.4000015258789,,29.1000003814697,14.1000003814697,14.1000003814697,,18.2999992370605,,,,16.0,15.0,12.0,,,,,,240.0,1000.0,3369.0,,5052.0,5889.0,4279.0,,5450.0,337.0,,419.0,478.0,287.0,,396.0,63.3,63.3,63.3,57.0,66.0,Americas
59,JAM,Jamaica,54.5999984741211,57.4000015258789,46.7000007629394,32.2999992370606,41.4000015258789,35.2000007629394,36.5999984741211,21.2000007629395,23.0,26.3999996185303,33.4000015258789,33.0,29.7000007629394,25.7000007629395,127.0,178.0,195.0,249.0,294.0,199.0,278.0,516.0,829.0,584.0,413.0,466.0,324.0,382.0,7.09999990463257,8.39999961853027,7.30000019073486,8.5,12.8999996185303,9.39999961853027,10.8999996185303,28.7000007629394,39.2000007629394,21.7000007629395,14.1999998092651,20.5,15.1999998092651,15.0,,,4.0,4.0,3.0,4.0,,3.0,2.0,1.0,2.0,195.0,1170.0,5716.0,7500.0,6027.0,5044.0,10283.0,6220.0,8478.0,319.0,354.0,224.0,173.0,452.0,292.0,333.0,25.5,25.5,21.8,18.0,15.0,Americas
60,MEX,Mexico,44.0,46.5999984741211,45.9000015258789,44.7999992370606,39.0999984741211,33.5999984741211,30.5,13.1000003814697,13.5,14.5,17.2999992370605,17.7000007629395,17.2000007629395,16.7000007629395,128.0,139.0,154.0,233.0,210.0,163.0,200.0,264.0,297.0,511.0,658.0,495.0,367.0,476.0,4.59999990463257,4.19999980926514,3.90000009536743,5.0,3.70000004768372,3.09999990463257,3.40000009536743,9.39999961853027,8.89999961853027,12.8999996185303,14.1999998092651,8.69999980926514,6.90000009536743,8.19999980926514,15.0,15.0,11.0,10.0,10.0,9.0,,2.0,2.0,2.0,3.0,195.0,780.0,5724.0,6948.0,6165.0,10911.0,5982.0,3817.0,5843.0,205.0,209.0,156.0,235.0,105.0,72.0,100.0,11.1,11.1,11.9,14.1,28.0,Americas
61,NIC,Nicaragua,35.2999992370606,34.0,37.2999992370606,38.7000007629394,35.2999992370606,33.2999992370606,33.2999992370606,12.6000003814697,16.1000003814697,26.0,34.7000007629394,33.0999984741211,24.7000007629395,34.7000007629394,152.0,186.0,223.0,193.0,135.0,218.0,273.0,575.0,410.0,376.0,,256.0,368.0,323.0,10.3000001907349,8.89999961853027,10.1999998092651,8.19999980926514,7.69999980926514,13.5,21.1000003814697,38.7999992370606,19.7000007629395,17.2000007629395,,14.6999998092651,22.7999992370605,24.8999996185303,,13.0,13.0,17.0,15.0,17.0,,,20.0,5.0,6.0,195.0,,3638.0,4213.0,8050.0,,4472.0,6817.0,7400.0,245.0,202.0,369.0,,257.0,423.0,571.0,70.0,71.4,62.5,80.3,59.0,Americas
62,PAN,Panama,28.5,30.0,27.1000003814697,26.8999996185303,27.2999992370605,25.5,23.0,22.8999996185303,20.7999992370605,20.7000007629395,23.5,21.0,19.1000003814697,20.1000003814697,196.0,232.0,282.0,288.0,383.0,391.0,351.0,353.0,391.0,441.0,434.0,359.0,474.0,396.0,13.1000003814697,12.0,11.3000001907349,10.3000001907349,11.6000003814697,11.6000003814697,12.1999998092651,23.5,20.2999992370605,17.6000003814697,15.6000003814697,10.8999996185303,14.1000003814697,13.6999998092651,18.0,15.0,13.0,13.0,13.0,10.0,,6.0,9.0,11.0,8.0,195.0,,5290.0,6610.0,6328.0,6717.0,8328.0,9588.0,7494.0,352.0,344.0,253.0,240.0,253.0,284.0,260.0,14.5,24.9,27.2,18.4,21.0,Americas
66,USA,United States,35.9000015258789,28.1000003814697,21.7999992370605,22.5,20.1000003814697,19.6000003814697,18.5,18.3999996185303,20.6000003814697,19.3999996185303,18.5,13.6000003814697,13.3999996185303,14.3000001907349,1079.0,1420.0,2348.0,2488.0,2755.0,3210.0,2721.0,1255.0,999.0,1336.0,1546.0,3716.0,4029.0,4181.0,11.0,12.3000001907349,18.5,18.5,18.2000007629395,19.3999996185303,15.1000003814697,12.8000001907349,8.69999980926514,10.5,11.5,24.6000003814697,24.2999992370605,23.1000003814697,5.0,5.0,5.0,4.0,4.0,3.0,8.0,10.0,11.0,13.0,12.0,179.0,1148.0,4815.0,6279.0,9021.0,12280.0,17230.0,24728.0,32506.0,49.0,54.0,71.0,91.0,114.0,149.0,180.0,11.0,11.0,11.0,11.0,11.0,Americas
67,ARG,Argentina,22.0,20.2999992370605,19.2000007629395,18.2000007629395,20.2000007629395,20.0,17.7000007629395,7.40000009536743,7.19999980926514,7.30000019073486,7.69999980926514,7.40000009536743,7.80000019073486,7.59999990463257,,360.0,162.0,210.0,413.0,163.0,,,,588.0,683.0,778.0,390.0,,,9.69999980926514,3.90000009536743,4.69999980926514,8.69999980926514,4.19999980926514,,,,14.1000003814697,15.3000001907349,16.3999996185303,10.0,,12.0,11.0,10.0,,,,7.0,6.0,,,,185.0,740.0,,,2497.0,4751.0,7658.0,2997.0,,,,60.0,106.0,161.0,77.0,,36.3,34.3,34.3,34.3,34.3,Americas
68,BOL,Bolivia,29.1000003814697,27.8999996185303,26.6000003814697,22.2000007629395,20.0,25.2000007629395,24.7000007629395,13.5,17.3999996185303,15.5,18.2000007629395,21.8999996185303,24.6000003814697,17.6000003814697,,190.0,343.0,297.0,336.0,,148.0,,284.0,956.0,234.0,372.0,,158.0,,14.5,21.2999992370605,16.7000007629395,17.6000003814697,,8.89999961853027,,21.7999992370605,59.2999992370606,13.1999998092651,19.5,,9.5,,,,,,3.0,2.0,,,,5.0,195.0,,,4848.0,9190.0,7411.0,5507.0,,4165.0,,371.0,570.0,417.0,289.0,,251.0,56.0,56.0,56.0,56.0,56.0,Americas
69,BRA,Brazil,33.0999984741211,28.2000007629394,28.0,21.7999992370605,25.6000003814697,23.7999992370605,23.0,12.5,14.8999996185303,13.1999998092651,14.5,14.1999998092651,14.6000003814697,14.3999996185303,,,,193.0,191.0,,363.869995117188,,,,725.0,569.0,,,,,,5.59999990463257,4.5,,,,,,20.8999996185303,13.3999996185303,,,19.0,19.0,15.0,20.0,20.0,19.0,14.0,5.0,7.0,,,181.0,,,,,,,,10511.8,,,,,,,,78.0,78.0,78.0,78.0,80.0,Americas
70,CHL,Chile,50.2000007629394,52.2999992370606,50.0,34.9000015258789,33.7999992370606,33.0,27.1000003814697,13.5,16.8999996185303,13.6999998092651,15.1999998092651,19.8999996185303,16.2999992370605,14.3000001907349,185.0,143.0,195.0,158.0,331.0,381.0,356.0,476.0,363.0,581.0,312.0,567.0,,326.0,6.40000009536743,4.40000009536743,5.30000019073486,5.40000009536743,8.5,11.8000001907349,8.19999980926514,16.3999996185303,11.1000003814697,15.6999998092651,10.8000001907349,14.5,,7.5,10.0,10.0,12.0,10.0,7.0,7.0,12.0,12.0,8.0,,,195.0,1110.0,7683.0,7661.0,8516.0,3360.0,10588.0,,,265.0,235.0,230.0,116.0,271.0,,,22.7,33.3,24.2,15.0,23.0,Americas
71,COL,Colombia,37.5999984741211,36.0,38.2000007629394,32.0999984741211,30.6000003814697,30.3999996185303,29.8999996185303,10.8999996185303,13.0,17.2000007629395,19.5,20.3999996185303,20.2000007629395,19.8999996185303,153.0,116.0,61.0,122.0,140.0,228.0,210.0,442.0,209.0,118.0,174.0,205.0,333.0,329.0,9.30000019073486,6.5,2.90000009536743,5.0,4.80000019073486,7.90000009536743,6.40000009536743,26.7000007629395,11.6999998092651,5.59999990463257,7.09999990463257,7.09999990463257,11.5,10.0,19.0,17.0,15.0,13.0,17.0,12.0,,,,20.0,20.0,195.0,1200.0,2827.0,2577.0,1492.0,3522.0,3997.0,8081.0,,171.0,145.0,71.0,144.0,138.0,279.0,,43.0,43.0,43.0,43.0,44.0,Americas
72,ECU,Ecuador,38.7999992370606,37.4000015258789,38.2000007629394,37.7000007629394,36.2000007629394,32.4000015258789,29.2999992370606,11.3000001907349,12.6999998092651,13.8000001907349,16.3999996185303,17.0,15.3999996185303,,68.0,103.0,143.0,199.0,159.0,223.0,135.0,381.0,361.0,599.0,474.0,371.0,418.0,,4.80000019073486,6.69999980926514,8.10000038146973,7.59999990463257,5.0,7.69999980926514,4.90000009536743,26.6000003814697,23.2000007629395,34.0,18.1000003814697,11.6999998092651,14.5,,12.0,12.0,11.0,10.0,7.0,,9.0,8.0,10.0,11.0,,195.0,,1712.0,2821.0,5093.0,7791.0,6288.0,6490.0,4048.0,120.0,182.0,289.0,297.0,198.0,225.0,147.0,53.8,43.0,34.9,37.0,37.0,Americas
73,GUY,Guyana,40.5999984741211,26.1000003814697,29.1000003814697,32.0999984741211,33.5,29.3999996185303,29.3999996185303,32.0999984741211,29.3999996185303,25.6000003814697,20.7000007629395,17.7999992370605,32.9000015258789,,114.0,153.0,131.0,168.0,203.0,183.0,,96.0,79.0,210.0,228.0,352.0,209.0,,7.40000009536743,10.1000003814697,7.69999980926514,7.80000019073486,10.3999996185303,14.8999996185303,,6.30000019073486,5.19999980926514,12.3000001907349,10.6000003814697,18.0,17.0,,,9.0,8.0,3.0,6.0,,13.0,20.0,3.0,11.0,11.0,195.0,975.0,4028.0,3913.0,3883.0,4417.0,5771.0,4890.0,,263.0,257.0,227.0,205.0,296.0,398.0,,3.0,3.0,3.0,3.0,3.0,Americas
74,PRY,Paraguay,28.1000003814697,30.2000007629394,32.2999992370606,29.3999996185303,27.3999996185303,25.1000003814697,24.7000007629395,6.59999990463257,7.90000009536743,9.39999961853027,10.6000003814697,,,13.8000001907349,44.0,78.0,96.0,69.0,,65.0,,199.0,226.0,193.0,110.0,,,,3.59999990463257,5.90000009536743,6.69999980926514,4.09999990463257,,2.90000009536743,,16.5,17.2999992370605,13.5,6.5,,,,22.0,18.0,15.0,14.0,11.0,9.0,,,,,,185.0,666.0,1388.0,2237.0,3064.0,2170.0,,,,115.0,171.0,214.0,128.0,,,,50.0,50.0,50.0,50.0,41.0,Americas
75,PER,Peru,34.4000015258789,35.7999992370606,35.5,39.0999984741211,37.5,34.7999992370606,29.1000003814697,12.3000001907349,12.6999998092651,17.2999992370605,23.7999992370605,24.6000003814697,20.7999992370605,19.7000007629395,122.0,228.0,180.0,197.0,196.0,113.0,,370.0,,465.0,351.0,227.0,170.0,,6.30000019073486,9.5,6.80000019073486,6.59999990463257,6.80000019073486,4.59999990463257,,19.1000003814697,,17.6000003814697,11.8000001907349,7.90000009536743,6.80000019073486,,,17.0,10.0,19.0,14.0,,9.0,9.0,9.0,10.0,10.0,195.0,,2965.0,5425.0,5850.0,6203.0,5866.0,3056.0,,153.0,226.0,221.0,209.0,203.0,123.0,,34.2,34.2,29.8,29.8,29.8,Americas
76,SUR,Suriname,35.0,34.7999992370606,36.9000015258789,31.3999996185303,26.6000003814697,25.3999996185303,22.5,20.8999996185303,19.2000007629395,17.2000007629395,17.1000003814697,15.1000003814697,14.8999996185303,12.0,,,,,794.0,1485.0,,,,,,323.0,599.0,,,,,,20.0,44.9000015258789,,,,,,8.10000038146973,18.1000003814697,,,24.0,25.0,22.0,23.0,23.0,,14.0,21.0,21.0,,205.0,943.0,,,,,10389.0,14454.0,,,,,,262.0,437.0,,7.0,7.0,7.0,7.0,7.0,Americas
77,URY,Uruguay,32.9000015258789,31.0,29.5,23.7999992370605,22.3999996185303,25.1000003814697,21.8999996185303,12.6000003814697,12.0,12.8000001907349,,,,,,390.0,,,442.0,299.0,395.0,,944.0,,,678.0,376.0,416.0,,11.1000003814697,,,8.89999961853027,8.0,8.60000038146973,,26.7999992370605,,,13.6999998092651,10.1000003814697,9.0,,18.0,17.0,15.0,11.0,9.0,,,,,,195.0,,,11104.0,,,6078.0,4270.0,8613.0,,315.0,,,123.0,114.0,187.0,14.0,14.0,14.0,14.0,7.0,Americas
78,VEN,Venezuela,35.2000007629394,34.0999984741211,34.7999992370606,30.3999996185303,34.0999984741211,32.7000007629394,22.8999996185303,18.7999992370605,18.2999992370605,18.5,18.0,17.3999996185303,17.2999992370605,9.10000038146973,276.0,608.0,685.0,443.0,259.0,288.0,149.0,1018.0,1393.0,1533.0,1161.0,824.0,1182.0,478.0,4.5,8.30000019073486,9.0,6.0,3.59999990463257,4.80000019073486,2.5,16.5,19.0,20.2000007629395,15.8999996185303,11.3999996185303,19.6000003814697,7.90000009536743,16.0,2.0,3.0,11.0,10.0,11.0,,11.0,7.0,7.0,7.0,180.0,900.0,8311.0,19325.0,20971.0,11762.0,6403.0,7954.0,2633.0,135.0,264.0,276.0,161.0,89.0,132.0,43.0,40.5,38.8,31.5,26.9,52.0,Americas
79,AFG,Afghanistan,34.7999992370606,50.2999992370606,41.2000007629394,42.2999992370606,31.6000003814697,37.2999992370606,37.0,,23.2999992370605,23.1000003814697,11.6000003814697,18.2000007629395,14.3999996185303,,,,,,,,,,,,,,,,,,,,,,,,,,,,,,,,30.0,15.0,6.0,6.0,,20.0,12.0,4.0,4.0,228.0,988.0,,,,,,,,,,,,,,,22.0,22.0,22.0,22.0,72.0,Asia
80,BHR,Bahrain,23.7000007629395,27.0,25.7999992370605,21.8999996185303,18.7999992370605,20.0,21.5,14.6000003814697,13.6000003814697,17.1000003814697,24.1000003814697,22.3999996185303,18.7999992370605,17.1000003814697,,,,,,,,,,,,,,,,,,,,,,,,,,,,,,,,11.0,9.0,5.0,15.0,22.0,8.0,6.0,5.0,201.0,,,,,,,,,,,,,,,,2.0,2.0,2.0,2.0,2.0,Asia
81,BGD,Bangladesh,31.0,43.5999984741211,45.0999984741211,50.7000007629394,53.5999984741211,47.0,63.0,,25.1000003814697,26.5,21.8999996185303,23.7999992370605,27.7000007629395,27.3999996185303,,40.0,,36.0,51.0,101.0,80.0,,,,,136.0,217.0,245.0,,4.09999990463257,,3.70000004768372,4.59999990463257,9.10000038146973,5.69999980926514,,,,,12.3999996185303,19.3999996185303,17.6000003814697,,,18.0,18.0,,7.0,,,,,,201.0,,,,,,1110.0,1824.0,3507.0,,,,,101.0,163.0,252.0,78.8,78.8,79.6,66.3,53.0,Asia
83,CHN,China,,,,28.7999992370606,27.2999992370605,24.2000007629395,21.5,,,,21.0,17.8999996185303,17.2000007629395,14.6000003814697,,,,,45.0,90.0,146.0,,,,,151.0,267.0,375.0,,,,,3.59999990463257,5.0,11.0,,,,,12.1999998092651,14.6999998092651,28.2999992370606,6.0,6.0,6.0,6.0,6.0,6.0,,,,,2.0,234.0,858.0,,,,,916.0,1583.0,2823.0,,,,,74.0,87.0,213.0,15.0,15.0,15.0,15.0,15.0,Asia
84,HKG,Hong Kong,30.2999992370606,31.2999992370606,33.0,31.1000003814697,30.1000003814697,27.6000003814697,27.0,23.7999992370605,22.0,21.8999996185303,24.2999992370605,29.2999992370606,24.0,23.0,144.0,224.0,296.0,463.0,612.0,849.0,1114.0,302.0,373.0,366.0,436.0,746.0,1217.0,,6.5,6.40000009536743,6.59999990463257,8.30000019073486,6.90000009536743,8.0,7.5,13.6000003814697,10.6999998092651,8.19999980926514,7.80000019073486,8.5,11.3999996185303,,4.0,4.0,4.0,4.0,2.0,2.0,,,7.0,8.0,,208.0,,4451.0,7383.0,9483.0,13847.0,17811.0,23124.0,32678.8,200.0,211.0,213.0,249.0,202.0,217.0,,2.3,2.3,2.3,2.0,3.0,Asia
85,IND,India,46.0999984741211,51.7999992370606,41.5,42.0999984741211,54.9000015258789,57.9000015258789,60.5999984741211,16.0,17.6000003814697,20.8999996185303,19.8999996185303,17.3999996185303,20.6000003814697,23.2000007629395,37.0,33.0,39.0,76.0,72.0,95.0,138.0,466.0,160.0,212.0,140.0,,127.0,166.0,5.59999990463257,5.0,5.59999990463257,10.6000003814697,9.5,10.6000003814697,10.8999996185303,70.0999984741211,24.7999992370605,30.1000003814697,19.6000003814697,,14.1000003814697,13.1999998092651,20.0,21.0,15.0,9.0,4.0,4.0,23.0,18.0,11.0,7.0,9.0,201.0,,1406.0,1534.0,1519.0,2604.0,,4358.0,,211.0,238.0,216.0,364.0,,485.0,,38.0,38.0,38.0,38.0,38.0,Asia
86,IDN,Indonesia,38.7999992370606,41.4000015258789,28.8999996185303,29.5,32.4000015258789,25.2999992370605,23.2999992370605,14.3999996185303,21.3999996185303,13.1000003814697,19.7999992370605,14.8999996185303,15.3000001907349,12.8999996185303,,,73.0,,,,217.029998779297,,,328.0,,,,128.0,,,10.5,,,,,,,46.9000015258789,,,,6.5,11.0,11.0,11.0,11.0,11.0,10.0,,3.0,2.0,2.0,1.0,208.0,,,,1816.0,,,,5129.8,,,260.0,,,,,20.0,20.0,20.0,20.0,23.0,Asia
88,IRQ,Iraq,30.3999996185303,22.5,22.1000003814697,25.3999996185303,27.7999992370605,23.7999992370605,24.7999992370605,32.7000007629394,31.7999992370606,23.6000003814697,24.5,30.7999992370606,27.7000007629395,22.8999996185303,,,,,,,,,,,,,,,,,,,,,,,,,,,,,,21.0,15.0,10.0,21.0,19.0,30.0,20.0,20.0,27.0,32.0,201.0,,,,,,,,,,,,,,,,27.0,27.0,27.0,27.0,42.0,Asia
89,ISR,Israel,22.6000003814697,20.0,17.2000007629395,16.3999996185303,15.0,16.7000007629395,17.8999996185303,11.5,10.5,10.1999998092651,9.5,6.30000019073486,6.69999980926514,6.69999980926514,250.0,609.0,653.0,795.0,1094.0,970.0,963.0,293.0,1418.0,1261.0,1950.0,2950.0,2313.0,2181.0,7.5,13.6000003814697,11.3999996185303,11.1999998092651,14.6000003814697,12.3000001907349,10.3999996185303,8.80000019073486,31.7000007629394,22.1000003814697,27.6000003814697,39.5,29.2999992370606,23.5,23.0,13.0,12.0,12.0,10.0,9.0,13.0,11.0,11.0,12.0,12.0,215.0,,3770.0,10856.0,10716.0,7637.0,10702.0,11884.0,13933.5,113.0,243.0,188.0,108.0,143.0,150.0,,7.0,7.0,7.0,7.0,0.0,Asia
90,JPN,Japan,34.7000007629394,28.2000007629394,26.2000007629395,25.5,25.1000003814697,23.8999996185303,20.7000007629395,24.7000007629395,22.2000007629395,18.3999996185303,17.2999992370605,17.2000007629395,17.8999996185303,16.7000007629395,219.0,557.0,844.0,1385.0,1496.0,1723.0,2333.0,288.0,544.0,923.0,1532.0,1676.0,2008.0,2456.0,7.40000009536743,12.3000001907349,11.1999998092651,16.2000007629395,14.5,14.3999996185303,16.2999992370605,9.69999980926514,12.0,12.3000001907349,17.8999996185303,16.2999992370605,16.7000007629395,17.2000007629395,0.0,0.0,0.0,0.0,0.0,0.0,8.0,10.0,11.0,13.0,12.0,215.0,,5520.0,11301.0,15280.0,29865.0,21394.0,33450.0,39097.0,185.0,249.0,203.0,349.0,208.0,279.0,273.0,0.0,0.0,0.0,0.0,0.0,Asia
91,JOR,Jordan,34.0999984741211,38.4000015258789,38.7999992370606,34.7000007629394,31.7999992370606,31.2999992370606,25.1000003814697,20.8999996185303,22.7999992370605,23.0,21.1000003814697,20.7000007629395,17.5,14.5,,,202.0,202.0,332.0,346.0,173.0,,,329.0,272.0,325.0,314.0,911.0,,,14.3000001907349,13.3999996185303,12.8000001907349,12.6999998092651,5.90000009536743,,,23.2999992370605,18.1000003814697,12.5,11.5,31.2000007629394,6.0,6.0,4.0,3.0,6.0,5.0,,8.0,5.0,8.0,7.0,240.0,1040.0,,,7549.0,6176.0,8919.0,8603.0,4801.0,,,536.0,411.0,343.0,316.0,164.0,28.6,13.3,8.7,4.0,13.0,Asia
93,KWT,Kuwait,18.6000003814697,21.3999996185303,21.2000007629395,17.6000003814697,18.5,18.0,17.7999992370605,22.3999996185303,14.8999996185303,12.8999996185303,11.5,11.8999996185303,12.6999998092651,11.1000003814697,,,,,,3283.0,,,,,,,983.0,,,,,,,27.3999996185303,,,,,,,8.19999980926514,,15.0,16.0,13.0,7.0,5.0,3.0,,19.0,12.0,9.0,12.0,150.0,900.0,,,,,,33133.0,,,,,,,277.0,,10.0,10.0,10.0,10.0,10.0,Asia
94,MYS,Malaysia,27.8999996185303,27.5,31.0,31.8999996185303,27.2999992370605,24.1000003814697,20.3999996185303,24.7000007629395,24.0,25.7999992370605,27.2999992370605,22.7999992370605,22.1000003814697,19.1000003814697,154.0,144.0,263.0,370.0,419.0,576.0,501.0,344.0,378.0,386.0,612.0,754.0,960.0,869.0,11.1999998092651,8.80000019073486,12.3999996185303,14.1000003814697,11.1000003814697,14.1000003814697,9.80000019073486,24.8999996185303,23.2000007629395,18.2999992370605,23.3999996185303,20.0,23.6000003814697,17.0,,,0.0,0.0,0.0,0.0,,,,,,210.0,1008.0,3804.0,3981.0,7666.0,11668.0,8668.0,11283.0,10068.0,275.0,244.0,362.0,446.0,229.0,277.0,197.0,1.0,1.0,1.0,1.0,4.0,Asia
95,NPL,Nepal,33.2999992370606,28.7999992370606,21.6000003814697,28.7000007629394,38.4000015258789,35.2999992370606,39.2000007629394,32.0,17.7000007629395,21.1000003814697,25.6000003814697,31.2999992370606,27.1000003814697,31.1000003814697,,,,56.0,59.0,,,,,,116.0,130.0,,,,,,8.69999980926514,7.09999990463257,,,,,,17.8999996185303,15.6999998092651,,,,,,,21.0,21.0,,,,9.0,9.0,201.0,,,,,1766.0,1952.0,,,,,,273.0,236.0,,,,,,,,Asia
96,OMN,Oman,,,17.7000007629395,26.6000003814697,23.2000007629395,26.6000003814697,27.5,,,,6.59999990463257,10.1000003814697,12.5,15.6000003814697,,,,,,722.0,,,,,,,1681.0,,,,,,,8.0,,,,,,,18.6000003814697,,,,9.0,12.0,12.0,11.0,,1.0,8.0,13.0,13.0,155.0,589.0,,,,,,16700.0,,,,,,,185.0,,8.0,8.0,8.0,8.0,9.0,Asia
97,PAK,Pakistan,38.5999984741211,38.0999984741211,41.5,40.2000007629394,36.5,38.7000007629394,40.5999984741211,23.6000003814697,19.3999996185303,19.7999992370605,18.1000003814697,17.5,18.6000003814697,19.0,32.0,40.0,54.0,77.0,89.0,106.0,,73.0,106.0,,,,,,5.09999990463257,4.59999990463257,5.40000009536743,8.60000038146973,8.30000019073486,8.69999980926514,,11.8000001907349,12.3000001907349,,,,,,,,,,,,,,,,,174.0,754.0,1332.0,1617.0,,,,,,214.0,187.0,,,,,,52.0,52.0,52.0,52.0,52.0,Asia
98,PHL,Philippines,35.9000015258789,31.3999996185303,28.6000003814697,29.0,30.3999996185303,30.8999996185303,32.9000015258789,27.1000003814697,31.2999992370606,33.0999984741211,31.5,34.0999984741211,32.2999992370606,33.0999984741211,,139.0,150.0,110.0,107.0,73.0,153.0,,47.0,43.0,36.0,75.0,32.0,81.0,,11.3000001907349,11.0,6.80000019073486,5.69999980926514,4.80000019073486,8.69999980926514,,3.79999995231628,3.20000004768372,2.20000004768372,4.0,2.09999990463257,4.59999990463257,2.0,2.0,2.0,2.0,2.0,2.0,,,,,2.0,185.0,925.0,,4732.0,3903.0,3197.0,3016.0,1640.0,5726.0,,385.0,285.0,197.0,161.0,108.0,325.0,25.0,25.0,25.0,25.0,30.0,Asia
99,SAU,Saudi Arabia,21.1000003814697,22.7999992370605,24.2000007629395,19.7000007629395,18.2999992370605,16.1000003814697,15.6999998092651,13.3000001907349,14.6999998092651,17.6000003814697,14.5,13.1000003814697,14.1000003814697,12.5,,,,,,,,,,,,,,,,,,,,,,,,,,,,,,,15.0,16.0,12.0,10.0,,9.0,16.0,14.0,13.0,201.0,,,,,,,,,,,,,,,,12.0,12.0,12.0,12.0,12.0,Asia
100,SGP,Singapore,32.5,29.2999992370606,29.7000007629394,30.5,30.7999992370606,26.7999992370605,25.7999992370605,27.7999992370605,24.2999992370605,19.8999996185303,23.1000003814697,19.3999996185303,22.2000007629395,20.7999992370605,,235.0,254.0,322.0,474.0,738.0,1052.81994628906,,308.0,467.0,519.0,878.0,1371.0,,,12.3999996185303,8.0,6.40000009536743,6.80000019073486,9.10000038146973,,,16.2999992370605,14.8000001907349,10.3000001907349,12.6000003814697,16.7999992370605,,8.0,8.0,8.0,7.0,1.0,1.0,5.0,4.0,12.0,5.0,,208.0,,,7678.0,8372.0,4628.0,8771.0,22331.0,31584.6,,405.0,265.0,92.0,126.0,274.0,,6.3,5.1,10.0,5.0,0.0,Asia
101,LKA,Sri Lanka,31.0,26.5,30.0,30.0,32.0,32.0,29.1000003814697,14.1999998092651,11.8000001907349,,18.2999992370605,,,19.1000003814697,162.0,166.0,237.0,236.0,222.0,227.0,244.0,182.0,342.0,173.0,122.0,,,102.0,12.8000001907349,13.8000001907349,18.1000003814697,17.5,12.0,10.5,11.6999998092651,14.3999996185303,28.2999992370606,13.1999998092651,9.10000038146973,,,4.90000009536743,,22.0,15.0,10.0,8.0,8.0,19.0,15.0,9.0,8.0,13.0,200.0,1200.0,4940.0,4581.0,7148.0,5999.0,5105.0,7024.0,,390.0,379.0,547.0,445.0,276.0,326.0,,6.0,6.0,6.0,6.0,3.0,Asia
102,SYR,Syria,46.4000015258789,36.0999984741211,36.7999992370606,33.9000015258789,28.1000003814697,25.8999996185303,25.1000003814697,21.1000003814697,21.6000003814697,21.7999992370605,19.6000003814697,18.3999996185303,16.2999992370605,16.8999996185303,203.0,229.0,199.0,191.0,229.0,268.0,235.0,589.0,460.0,368.0,390.0,433.0,412.0,376.0,13.1999998092651,11.8000001907349,9.0,5.40000009536743,5.30000019073486,6.59999990463257,6.0,38.5,23.7000007629395,16.7000007629395,11.0,10.1000003814697,10.1000003814697,9.69999980926514,,11.0,10.0,8.0,7.0,7.0,17.0,16.0,15.0,14.0,15.0,222.0,1110.0,7186.0,7839.0,8641.0,6243.0,6906.0,9760.0,6542.0,470.0,403.0,392.0,176.0,161.0,240.0,168.0,41.0,41.0,41.0,41.0,41.0,Asia
103,OAN,Taiwan,45.7000007629394,41.2999992370606,41.2000007629394,37.7999992370606,32.2999992370606,32.2000007629394,28.6000003814697,21.2000007629395,25.2000007629395,26.1000003814697,25.0,23.1000003814697,23.2000007629395,23.0,39.0,71.0,119.0,,253.0,370.0,484.019989013672,123.0,213.0,283.0,,440.0,687.0,,2.90000009536743,4.0,5.0,,5.19999980926514,6.40000009536743,,9.0,12.0,11.8999996185303,,9.10000038146973,11.8999996185303,,1.0,0.0,5.0,4.0,3.0,4.0,,,,,,222.0,,1550.0,2485.0,3825.0,6084.0,,,15327.3,114.0,140.0,161.0,186.0,,,,,,,,,Asia
104,THA,Thailand,36.2000007629394,34.7000007629394,34.7000007629394,28.0,24.7000007629395,19.2999992370605,17.7999992370605,19.7999992370605,16.8999996185303,15.5,27.2000007629395,23.0,21.2000007629395,17.8999996185303,56.0,87.0,111.0,157.0,180.0,341.0,529.0,260.0,242.0,329.0,228.0,200.0,392.0,550.0,6.09999990463257,7.69999980926514,7.40000009536743,9.39999961853027,8.39999961853027,14.1000003814697,14.8000001907349,28.2000007629394,21.6000003814697,21.7999992370605,13.6999998092651,9.30000019073486,16.2000007629395,15.3999996185303,10.0,10.0,10.0,8.0,3.0,3.0,5.0,5.0,5.0,,,200.0,1200.0,2013.0,2995.0,3028.0,3991.0,4051.0,5799.0,7091.0,218.0,267.0,200.0,240.0,189.0,239.0,199.0,57.0,57.0,23.3,18.2,13.0,Asia
105,ARE,United Arab Emirates,,,27.2999992370605,16.3999996185303,16.2999992370605,24.7999992370605,18.7000007629395,,,11.1000003814697,7.80000019073486,11.3000001907349,14.6999998092651,12.6000003814697,,,,,,,,,,,,,,,,,,,,,,,,,,,,,,,15.0,9.0,8.0,7.0,,9.0,8.0,12.0,10.0,210.0,910.0,,,,,,,,,,,,,,,12.0,12.0,12.0,12.0,6.0,Asia
107,AUT,Austria,22.0,19.8999996185303,21.3999996185303,19.0,14.5,10.5,10.8000001907349,14.6999998092651,17.2999992370605,17.8999996185303,14.3999996185303,11.6000003814697,9.69999980926514,8.39999961853027,706.0,1426.0,1098.0,1367.0,1664.0,2218.0,2332.0,625.0,695.0,1497.0,2005.0,2677.0,3099.0,3811.0,13.6999998092651,23.2000007629395,14.5,15.1999998092651,15.6999998092651,19.8999996185303,18.3999996185303,12.1000003814697,11.3000001907349,19.7999992370605,22.2999992370605,25.2999992370605,27.7000007629395,30.0,7.0,6.0,4.0,3.0,,,,5.0,5.0,,,200.0,960.0,10418.0,18885.0,15767.0,17188.0,16159.0,17144.0,18675.0,202.0,307.0,208.0,191.0,153.0,153.0,147.0,3.0,3.0,3.0,3.0,3.0,Europe
108,BEL,Belgium,19.5,20.6000003814697,19.7999992370605,19.3999996185303,18.1000003814697,16.5,9.89999961853027,12.6000003814697,11.3999996185303,11.3000001907349,11.1999998092651,9.60000038146973,7.90000009536743,7.19999980926514,,728.0,812.0,1459.0,1931.0,2174.0,2109.0,,2135.0,1977.0,3232.0,3639.0,3615.0,3630.0,,10.6000003814697,9.60000038146973,14.8999996185303,17.0,19.2000007629395,16.0,,31.1000003814697,23.3999996185303,33.0,32.0999984741211,31.8999996185303,27.5,24.0,24.0,24.0,19.0,17.0,16.0,21.0,21.0,26.0,45.0,43.0,182.0,,,14209.0,16781.0,27452.0,34410.0,31028.0,23048.0,,207.0,198.0,280.0,303.0,274.0,174.0,22.0,22.0,22.0,22.0,19.0,Europe
109,CYP,Cyprus,33.5999984741211,34.7999992370606,30.2999992370606,26.8999996185303,22.2000007629395,22.7999992370605,20.5,23.5,22.2000007629395,21.0,20.1000003814697,16.1000003814697,14.6999998092651,11.8999996185303,213.0,303.0,386.0,567.0,794.0,1021.0,1080.0,226.0,440.0,546.0,743.0,1159.0,1681.0,2242.0,10.3999996185303,11.1000003814697,10.1999998092651,17.8999996185303,15.0,15.8000001907349,12.8999996185303,11.1000003814697,16.1000003814697,14.5,23.3999996185303,21.8999996185303,26.1000003814697,26.7999992370605,2.0,2.0,1.0,1.0,0.0,0.0,4.0,1.0,2.0,2.0,2.0,210.0,840.0,5867.0,9424.0,10282.0,14886.0,15145.0,20494.0,19247.0,288.0,345.0,272.0,470.0,286.0,318.0,230.0,0.0,0.0,0.0,0.0,0.0,Asia
110,DNK,Denmark,31.2999992370606,13.5,9.39999961853027,12.0,11.8999996185303,11.6000003814697,11.5,12.0,,,31.2999992370606,,8.60000038146973,10.6999998092651,,1968.0,,3683.0,4257.0,4630.0,4609.0,,,,1512.0,1289.0,1772.0,3297.0,,23.2999992370605,,36.0999984741211,37.9000015258789,35.9000015258789,33.0999984741211,,,,14.8000001907349,11.5,13.8000001907349,23.7000007629395,0.0,0.0,0.0,0.0,0.0,0.0,,,,,,200.0,1040.0,,,,28589.0,26652.0,38669.0,39355.0,,,,281.0,237.0,300.0,283.0,0.0,0.0,0.0,0.0,1.0,Europe
111,FIN,Finland,26.2999992370605,23.1000003814697,22.2000007629395,18.5,14.3999996185303,14.3999996185303,14.3999996185303,24.7000007629395,16.8999996185303,15.8000001907349,14.0,13.1000003814697,11.1999998092651,,945.0,1336.0,1775.0,2422.0,2180.0,2577.0,2858.0,734.0,1166.0,1859.0,1777.0,2345.0,3125.0,3757.0,17.5,20.2000007629395,21.5,24.7000007629395,19.7999992370605,21.2000007629395,20.2999992370605,13.6000003814697,17.6000003814697,22.5,18.1000003814697,21.2999992370605,25.7999992370605,26.7000007629395,0.0,0.0,0.0,0.0,0.0,0.0,2.0,,2.0,2.0,1.0,190.0,874.0,18331.0,19592.0,28542.0,33868.0,15888.0,22825.0,26698.8,340.0,296.0,345.0,346.0,145.0,188.0,,3.0,3.0,3.0,3.0,1.0,Europe
112,FRA,France,28.8999996185303,29.6000003814697,26.0,22.5,24.0,20.6000003814697,12.1999998092651,26.0,16.7999992370605,15.8000001907349,15.5,19.6000003814697,16.7999992370605,12.5,375.0,383.0,650.0,853.0,1394.0,1718.0,1664.0,579.0,954.0,1382.0,1351.0,2348.0,2754.0,2891.0,6.30000019073486,5.09999990463257,6.69999980926514,8.10000038146973,11.8000001907349,14.1000003814697,12.0,9.69999980926514,12.6999998092651,14.3999996185303,12.8999996185303,19.8999996185303,22.6000003814697,20.7999992370605,13.0,13.0,9.0,9.0,8.0,5.0,9.0,9.0,12.0,14.0,11.0,180.0,972.0,10534.0,11848.0,18072.0,18083.0,23878.0,36331.0,16381.0,176.0,158.0,188.0,173.0,202.0,298.0,118.0,6.0,6.0,6.0,6.0,3.0,Europe
114,GRC,Greece,39.5999984741211,35.5999984741211,30.8999996185303,30.2000007629394,24.1000003814697,23.3999996185303,19.6000003814697,25.7000007629395,25.8999996185303,35.2000007629394,28.2999992370606,18.7000007629395,16.1000003814697,15.3000001907349,,,335.0,336.0,578.0,600.0,638.0,,,339.0,370.0,736.0,856.0,996.0,,,7.90000009536743,6.5,9.80000019073486,9.69999980926514,9.39999961853027,,,8.0,7.09999990463257,12.5,13.8000001907349,14.6999998092651,7.0,5.0,3.0,1.0,0.0,0.0,9.0,5.0,5.0,5.0,4.0,180.0,900.0,,,9989.0,9618.0,14655.0,14991.0,13869.0,,,236.0,185.0,249.0,242.0,205.0,6.5,2.3,2.1,1.5,3.0,Europe
115,HUN,Hungary,24.2999992370605,22.7000007629395,17.7000007629395,15.6999998092651,15.3999996185303,14.6999998092651,12.5,20.5,21.2999992370605,10.3999996185303,9.10000038146973,13.5,13.3999996185303,12.0,,,362.0,553.0,666.0,749.0,1128.0,,,1198.0,1029.0,1235.0,1241.0,1418.0,,,10.6999998092651,12.1999998092651,13.1999998092651,14.1000003814697,21.0,,,35.5,22.7000007629395,24.5,23.3999996185303,26.5,4.0,4.0,3.0,2.0,3.0,3.0,1.0,,1.0,1.0,1.0,177.0,,,,3417.0,4835.0,5066.0,7234.0,6719.0,,,101.0,107.0,100.0,136.0,125.0,8.0,8.0,8.0,8.0,6.0,Europe
116,ISL,Iceland,30.2000007629394,21.5,19.6000003814697,19.1000003814697,14.6000003814697,14.5,14.5,15.1000003814697,11.6000003814697,10.5,10.8000001907349,,,,,594.0,626.0,,,,3268.0,,768.0,729.0,,,,1235.0,,9.10000038146973,8.89999961853027,,,,24.3999996185303,,11.6999998092651,10.3000001907349,,,,9.19999980926514,5.0,5.0,5.0,4.0,4.0,3.0,,,,,,195.0,,,8842.0,12121.0,,,,22725.6,,135.0,172.0,,,,,,,,,,Europe
117,IRL,Ireland,34.7999992370606,33.2000007629394,30.6000003814697,31.0,28.7000007629394,26.7999992370605,26.7000007629395,13.5,14.1999998092651,14.8000001907349,14.3000001907349,14.3999996185303,15.3999996185303,15.3999996185303,327.0,469.0,515.0,857.0,782.0,957.0,1126.0,778.0,807.0,1226.0,1319.0,1640.0,1622.0,1876.0,10.3999996185303,12.1999998092651,10.5,14.8999996185303,11.5,13.3000001907349,12.1999998092651,24.7000007629395,20.8999996185303,25.1000003814697,22.8999996185303,24.2000007629395,22.5,20.2999992370605,5.0,5.0,5.0,4.0,4.0,3.0,,,,,,173.0,,9730.0,13448.0,12056.0,23610.0,19576.0,22437.0,26779.0,309.0,349.0,247.0,411.0,288.0,311.0,289.0,1.0,1.0,1.0,1.0,1.0,Europe
118,ITA,Italy,22.3999996185303,21.7999992370605,21.6000003814697,18.8999996185303,16.2000007629395,13.5,11.5,11.6999998092651,12.3999996185303,11.5,11.3000001907349,10.1999998092651,9.5,8.69999980926514,,1059.0,820.0,1024.0,1409.0,1758.0,1938.0,,1367.0,1397.0,1435.0,1648.0,1874.0,2749.0,,18.3999996185303,10.6999998092651,12.3000001907349,13.5,16.1000003814697,15.5,,23.7000007629395,18.2000007629395,17.2000007629395,15.8000001907349,17.2000007629395,22.0,11.0,7.0,3.0,1.0,1.0,1.0,8.0,5.0,8.0,7.0,7.0,204.0,816.0,,19313.0,14498.0,18536.0,20312.0,25810.0,24479.0,,335.0,189.0,222.0,195.0,237.0,196.0,0.0,0.0,0.0,0.0,0.0,Europe
119,LUX,Luxembourg,26.5,24.1000003814697,19.7000007629395,19.2999992370605,14.0,12.5,13.3000001907349,19.5,12.1000003814697,11.3000001907349,15.8000001907349,13.8000001907349,13.3999996185303,,,1145.0,1319.0,2473.0,6087.0,3647.0,4234.0,,2021.0,2283.0,3075.0,3219.0,3893.0,,,12.8999996185303,13.1999998092651,22.7999992370605,50.5999984741211,27.3999996185303,26.0,,22.7999992370605,22.7999992370605,28.2999992370606,26.7999992370605,29.2999992370606,,6.0,6.0,6.0,6.0,6.0,6.0,11.0,8.0,,13.0,12.0,216.0,1080.0,,24164.0,21951.0,47748.0,66858.0,42932.0,52273.0,,273.0,219.0,440.0,556.0,323.0,321.0,1.0,1.0,1.0,1.0,1.0,Europe
120,MLT,Malta,27.5,20.2999992370605,28.7999992370606,21.0,21.2000007629395,21.7999992370605,20.7000007629395,30.5,14.8000001907349,14.6999998092651,13.0,11.8999996185303,12.0,12.1000003814697,110.0,196.0,398.0,338.0,498.0,494.0,,199.0,272.0,456.0,601.0,912.0,1005.0,,8.19999980926514,13.5,16.7000007629395,11.1000003814697,11.3999996185303,9.5,,14.8000001907349,18.7000007629395,19.1000003814697,19.7000007629395,20.7999992370605,19.2999992370605,,,2.0,1.0,2.0,3.0,1.0,2.0,1.0,2.0,3.0,2.0,195.0,1092.0,2620.0,3829.0,10054.0,6566.0,7243.0,7456.0,,195.0,263.0,422.0,215.0,165.0,143.0,,1.0,1.0,1.0,1.0,1.0,Europe
121,NLD,Netherlands,34.0,31.2999992370606,29.7000007629394,27.6000003814697,23.2000007629395,16.7000007629395,17.2000007629395,20.5,19.0,15.1999998092651,15.8999996185303,15.0,14.6999998092651,15.6999998092651,624.0,778.0,977.0,1327.0,1574.0,1529.0,1651.0,1040.0,2012.0,2632.0,2680.0,2655.0,2479.0,2948.0,10.1999998092651,10.5,10.6000003814697,12.8999996185303,13.8999996185303,13.1999998092651,12.6999998092651,17.0,27.1000003814697,28.5,26.1000003814697,23.5,21.3999996185303,22.6000003814697,3.0,3.0,2.0,3.0,2.0,2.0,9.0,11.0,11.0,11.0,10.0,200.0,1000.0,19873.0,25145.0,31900.0,39094.0,29323.0,25052.0,20686.0,326.0,339.0,345.0,380.0,259.0,217.0,159.0,6.0,6.0,6.0,6.0,6.0,Europe
122,NOR,Norway,23.2000007629395,21.5,19.6000003814697,8.30000019073486,8.19999980926514,6.90000009536743,6.09999990463257,10.1999998092651,10.1999998092651,9.60000038146973,6.09999990463257,,8.89999961853027,8.89999961853027,826.0,1085.0,1802.0,2812.0,3556.0,4453.0,5286.0,938.0,1167.0,1130.0,1700.0,1951.0,2410.0,2758.0,14.6000003814697,15.3999996185303,22.1000003814697,28.2999992370606,29.0,31.2999992370606,35.4000015258789,16.6000003814697,16.6000003814697,13.8999996185303,17.1000003814697,15.8999996185303,16.8999996185303,18.5,0.0,0.0,0.0,0.0,0.0,0.0,8.0,10.0,11.0,13.0,12.0,190.0,,16279.0,21023.0,32033.0,20196.0,22683.0,22714.0,24751.0,288.0,298.0,393.0,203.0,185.0,160.0,166.0,0.0,0.0,0.0,0.0,0.0,Europe
123,POL,Poland,32.7000007629394,28.2999992370606,23.0,20.7000007629395,19.7000007629395,15.6000003814697,16.2999992370605,17.3999996185303,10.8000001907349,10.1999998092651,11.5,12.0,10.6000003814697,18.2000007629395,,,,,,501.239990234375,,,,,,,960.710021972656,,,,,,,,,,,,,,,,7.0,5.0,3.0,2.0,3.0,2.0,,3.0,2.0,2.0,1.0,190.0,950.0,,,,,,7518.6,,,,,,,,,7.0,7.0,7.0,7.0,7.0,Europe
124,PRT,Portugal,34.0,31.8999996185303,33.5999984741211,20.2000007629395,18.0,16.7999992370605,14.1000003814697,19.0,19.7000007629395,16.6000003814697,15.6999998092651,12.3999996185303,14.3999996185303,10.3999996185303,,119.0,,711.0,754.0,789.0,1164.0,,,,793.0,1129.0,1046.0,1361.0,,4.90000009536743,,16.2999992370605,14.8999996185303,15.6999998092651,15.5,,,,18.1000003814697,22.3999996185303,20.7999992370605,18.2000007629395,23.0,26.0,11.0,14.0,17.0,14.0,,13.0,,21.0,22.0,175.0,980.0,,,,13545.0,8102.0,13281.0,15438.0,,,,310.0,160.0,264.0,206.0,,,,,,Europe
125,ESP,Spain,38.0999984741211,33.7999992370606,34.0,21.2000007629395,28.2999992370606,25.2999992370605,22.0,18.2000007629395,22.6000003814697,21.5,14.6000003814697,20.8999996185303,21.0,16.7000007629395,100.0,252.0,343.0,862.0,984.0,816.0,1154.0,177.0,376.0,310.0,277.0,459.0,409.0,1322.0,3.20000004768372,5.40000009536743,5.69999980926514,11.6000003814697,13.1000003814697,10.8000001907349,12.0,5.59999990463257,8.0,5.09999990463257,3.70000004768372,6.09999990463257,5.40000009536743,13.8000001907349,6.0,6.0,6.0,6.0,5.0,3.0,,,11.0,11.0,12.0,205.0,1025.0,2933.0,7693.0,9719.0,17154.0,29069.0,17937.0,22838.0,93.0,164.0,161.0,232.0,388.0,238.0,238.0,2.0,2.0,2.0,2.0,3.0,Europe
126,SWE,Sweden,21.7999992370605,20.2000007629395,20.0,20.3999996185303,16.5,16.0,6.19999980926514,11.3999996185303,12.1000003814697,10.1000003814697,9.39999961853027,11.8999996185303,11.6999998092651,9.19999980926514,,2086.0,3620.0,3327.0,5267.0,5792.0,7003.0,,1198.0,1665.0,1590.0,1765.0,2456.0,2834.0,,22.3999996185303,33.9000015258789,28.1000003814697,42.9000015258789,43.5,47.5,,12.8000001907349,15.6000003814697,13.3999996185303,14.3999996185303,18.5,19.2000007629395,0.0,0.0,0.0,0.0,0.0,0.0,8.0,10.0,11.0,13.0,12.0,200.0,1200.0,,31225.0,40264.0,44569.0,49381.0,50498.0,25120.0,,335.0,377.0,376.0,402.0,379.0,170.0,0.0,0.0,0.0,0.0,0.0,Europe
127,CHE,Switzerland,26.7999992370605,24.5,27.1000003814697,27.0,25.1000003814697,24.8999996185303,24.8999996185303,21.7000007629395,,,,,,,,3241.0,1644.0,1996.0,2770.0,3545.0,5926.0,,2664.0,2882.0,4572.0,4158.0,4910.0,3511.0,,28.3999996185303,12.3999996185303,15.1000003814697,18.8999996185303,23.2999992370605,35.9000015258789,,23.2999992370605,21.7000007629395,34.5999984741211,28.3999996185303,32.2999992370606,21.2999992370605,2.0,2.0,2.0,2.0,2.0,2.0,,,4.0,3.0,3.0,207.0,,,47391.0,34547.0,43004.0,,,54440.1,,415.0,260.0,325.0,,,,0.0,0.0,0.0,0.0,0.0,Europe
128,TUR,Turkey,47.0,45.7000007629394,37.7999992370606,31.8999996185303,26.6000003814697,31.2000007629394,30.3999996185303,19.2999992370605,22.2999992370605,27.6000003814697,23.8999996185303,19.7999992370605,21.1000003814697,23.8999996185303,,,,393.0,215.0,202.0,466.0,,,,971.0,287.0,224.0,425.0,,,,13.8000001907349,7.5,6.59999990463257,12.3999996185303,,,,34.2000007629394,10.1000003814697,7.30000019073486,11.3000001907349,,,10.0,9.0,8.0,7.0,,16.0,28.0,26.0,26.0,195.0,875.0,,,,14169.0,5558.0,5967.0,14523.0,,,,499.0,195.0,195.0,388.0,4.1,4.1,4.1,4.1,4.0,Asia
129,GBR,United Kingdom,24.1000003814697,24.0,23.2999992370605,20.0,18.8999996185303,17.6000003814697,19.7999992370605,18.0,14.1999998092651,15.8999996185303,16.0,15.3000001907349,13.8999996185303,13.3999996185303,765.0,758.0,962.0,1547.0,1623.0,1643.0,1967.0,1066.0,1683.0,1846.0,,2249.0,2803.0,3451.0,11.8000001907349,10.3000001907349,12.5,17.2000007629395,16.2000007629395,14.8000001907349,14.8999996185303,16.3999996185303,22.8999996185303,24.0,,22.3999996185303,25.2000007629395,26.1000003814697,0.0,0.0,0.0,0.0,0.0,0.0,8.0,10.0,11.0,13.0,12.0,190.0,950.0,12172.0,12588.0,14790.0,,18767.0,20369.0,23224.0,187.0,171.0,192.0,,187.0,183.0,176.0,,,,,,Europe
131,AUS,Australia,33.2000007629394,28.2000007629394,28.0,20.5,18.7999992370605,15.8999996185303,16.5,18.1000003814697,23.1000003814697,17.3999996185303,14.8000001907349,12.8999996185303,12.1000003814697,12.3999996185303,209.0,480.0,936.72900390625,,,2791.0,2849.0,246.0,441.299987792969,538.349975585938,,,1658.0,1738.0,2.59999990463257,5.40000009536743,,,,20.3999996185303,19.7000007629395,3.09999990463257,,,,,12.1000003814697,12.0,5.0,5.0,5.0,4.0,4.0,3.0,8.0,10.0,11.0,13.0,12.0,195.0,,5337.0,10591.2,18303.9,,,44884.0,45268.0,68.0,,,,,329.0,313.0,0.0,0.0,0.0,0.0,0.0,Oceania
132,FJI,Fiji,34.7999992370606,33.9000015258789,32.2000007629394,31.6000003814697,28.2999992370606,29.0,33.5999984741211,20.7000007629395,21.6000003814697,24.2000007629395,23.7000007629395,19.5,15.3000001907349,17.5,96.0,,,263.0,467.0,,409.0,458.0,,,951.0,812.0,,698.0,4.69999980926514,,,8.30000019073486,13.1000003814697,,10.1999998092651,22.2999992370605,,,30.0,22.7999992370605,,17.3999996185303,,,4.0,5.0,3.0,3.0,,15.0,9.0,8.0,,205.0,1025.0,2689.0,,,6913.0,13026.0,,13625.0,131.0,,,218.0,366.0,,340.0,,,,,,Oceania
133,NZL,New Zealand,30.8999996185303,25.2000007629395,21.2999992370605,18.5,16.7000007629395,19.8999996185303,18.0,19.3999996185303,25.2000007629395,24.3999996185303,29.1000003814697,26.2999992370605,18.7999992370605,17.2000007629395,407.0,747.0,1031.0,1359.0,1680.0,1730.0,1894.0,743.0,648.0,810.0,1025.0,1490.0,1243.0,1665.0,5.09999990463257,8.19999980926514,11.0,13.0,16.3999996185303,15.3000001907349,16.5,9.39999961853027,7.19999980926514,8.69999980926514,9.80000019073486,14.5,11.0,14.5,0.0,0.0,0.0,4.0,3.0,3.0,3.0,,3.0,2.0,2.0,200.0,1000.0,8676.0,13921.0,16461.0,21813.0,24327.0,25903.0,18279.0,109.0,154.0,176.0,208.0,237.0,229.0,159.0,3.0,3.0,3.0,3.0,3.0,Oceania
134,PNG,Papua New Guinea,35.0999984741211,31.0,29.7000007629394,31.6000003814697,31.3999996185303,30.7999992370606,31.7000007629394,18.2999992370605,16.6000003814697,23.2000007629395,20.2999992370605,22.2999992370605,22.2000007629395,21.8999996185303,,219.0,164.0,415.0,,,,,2852.0,1103.0,1364.0,,,,,14.3000001907349,9.39999961853027,24.0,,,,,185.800003051758,63.2000007629394,78.9000015258789,,,,,,,,0.0,0.0,,,,,,200.0,1600.0,,4978.0,3416.0,12190.0,,,,,324.0,196.0,705.0,,,,39.0,39.0,39.0,39.0,39.0,Oceania
135,SLB,Solomon Islands,19.0,21.0,24.0,26.2999992370605,25.1000003814697,25.8999996185303,19.3999996185303,,15.1999998092651,14.3000001907349,15.3999996185303,15.6999998092651,18.0,17.5,,,,,,,,,,,,,,,,,,,,,,,,,,,,,,,5.0,5.0,6.0,6.0,,,10.0,,,208.0,,,,,,,,,,,,,,,,,,,,,Oceania
136,TON,Tonga,27.6000003814697,22.8999996185303,27.2000007629395,28.0,24.2999992370605,22.8999996185303,24.0,29.7000007629394,39.0999984741211,23.7000007629395,22.0,20.7999992370605,18.1000003814697,17.7000007629395,,,,,,,,,,,,,,,,,,,,,,,,,,,,,,,,5.0,8.0,4.0,,,,2.0,,234.0,936.0,,,,,,,,,,,,,,,8.0,8.0,8.0,8.0,8.0,Oceania
137,VUT,Vanuatu,31.7999992370606,29.2000007629394,23.5,33.5,23.6000003814697,24.1000003814697,19.6000003814697,,,11.0,14.3000001907349,13.1000003814697,,18.2000007629395,,,,,,,273.0,,,,,,,710.0,,,,,,,16.2999992370605,,,,,,,42.4000015258789,,,,,,13.0,,,,,,208.0,,,,,,,,5688.0,,,,,,,340.0,,,,,,Oceania
156,ALB,Albania,,26.8,26.2,,21.3,20.0,19.1,,21.0,17.1,,30.4,25.1,21.2,,,,,,,,,,,,,,,,,,,,,,,,,,,,,,,,,,,,,,,,,,,,,,,,,,,,,,,,,,,,15.0,Europe
150,BGR,Bulgaria,,22.6,22.0,20.2,19.3,17.7,15.4,,14.2,13.8,12.7,12.3,13.9,14.3,,,,,,,,,,,,4657.0,3020.0,2521.0,,,,,,,,,,,,118.61,63.28,40.58,,,2.0,2.0,2.0,5.0,,1.0,0.0,0.0,1.0,165.0,858.0,,,,,,,,,,,,,,,,,,14.0,19.0,Europe
155,,Cuba,,,,,,,,,,,,,,,,,,,,,,,,,,,,,,,,,,,,,,,,,,,18.0,8.0,6.0,3.0,3.0,3.0,,2.0,4.0,2.0,3.0,200.0,1000.0,,,,,,,,,,,,,,,,,,9.0,11.0,Americas
153,ROM,Romania,,22.9,21.2,19.9,20.6,20.6,17.1,,17.1,18.0,18.6,18.1,30.5,28.1,,,,,165.0,114.0,,,,,,308.0,151.0,,,,,,11.61,5.72,,,,,,21.69,7.57,,8.0,,,,,4.0,,,,,5.0,170.0,748.0,,,,,3321.0,1676.0,,,,,,233.6,84.0,,,,,,6.0,Europe
