SHCODE,COUNTRY,YEAR,N025,PRI25,PRIC25,SEC25,SECC25,HIGH25,HIGHC25,TYR25,PYR25,SYR25,HYR25
1,Algeria,1960,80.4,17.1,4.9,2.2,0.8,0.3,0.2,0.94,0.81,0.11,0.01
1,Algeria,1965,88,9.8,3.2,1.7,0.7,0.4,0.3,0.63,0.51,0.1,0.01
1,Algeria,1970,84.4,13,4.4,2.2,1.1,0.3,0.2,0.8,0.67,0.12,0.01
1,Algeria,1975,80.2,16.6,5.6,2.6,1.3,0.6,0.4,1.04,0.86,0.16,0.02
1,Algeria,1980,72.5,22.8,7.8,3.5,1.8,1.2,0.8,1.48,1.2,0.24,0.04
1,Algeria,1985,64.9,27.6,9.5,5.3,2.9,2.3,1.5,2.04,1.56,0.41,0.08
1,Algeria,1990,55.9,31.9,10.9,8.6,4.8,3.7,2.4,2.81,2.02,0.67,0.12
3,Benin,1960,1.79769313486232e+308,1.79769313486232e+308,1.79769313486232e+308,1.3,0.4,0.3,0.2,1.79769313486232e+308,1.79769313486232e+308,0.07,0.01
3,Benin,1965,1.79769313486232e+308,1.79769313486232e+308,1.79769313486232e+308,1.3,0.4,0.2,0.2,1.79769313486232e+308,1.79769313486232e+308,0.07,0.01
3,Benin,1970,96.1,2.3,0.5,1.4,0.4,0.2,0.2,0.29,0.21,0.07,0.01
3,Benin,1975,92.8,5.3,1.2,1.7,0.6,0.2,0.1,0.45,0.36,0.08,0.01
3,Benin,1980,89.2,8.3,1.9,2.2,0.8,0.3,0.2,0.65,0.53,0.11,0.01
3,Benin,1985,85.7,10.5,2.4,3.2,0.9,0.6,0.4,0.9,0.72,0.16,0.02
3,Benin,1990,80.6,13.1,3,5.3,1.2,1.0,0.8,1.29,1,0.25,0.04
4,Botswana,1960,69.3,27.4,6.9,3,0.8,0.3,0.2,1.56,1.43,0.12,0.01
4,Botswana,1965,72.7,24.6,5.1,2.4,0.6,0.2,0.2,1.32,1.22,0.09,0.01
4,Botswana,1970,70.5,26.4,2.1,2.4,0.6,0.6,0.5,1.34,1.21,0.11,0.02
4,Botswana,1975,70.4,26.8,7.7,2.3,0.8,0.5,0.4,1.53,1.4,0.11,0.02
4,Botswana,1980,54.7,40.5,9.4,4.4,1.3,0.5,0.4,2.29,2.09,0.18,0.02
4,Botswana,1985,53.8,40,8.6,5.5,1.3,0.7,0.5,2.38,2.13,0.22,0.02
4,Botswana,1990,51.3,40.6,8.5,7.1,1.4,1.0,0.8,2.61,2.28,0.29,0.04
7,Cameroon,1960,73.2,20.1,4.7,6.4,1.8,0.3,0.2,1.48,1.14,0.33,0.01
7,Cameroon,1965,74.9,19.5,4.5,5.3,1.5,0.2,0.2,1.34,1.06,0.27,0.01
7,Cameroon,1970,74.8,20.4,4.7,4.6,1.3,0.3,0.2,1.29,1.05,0.24,0.01
7,Cameroon,1975,71.3,24,5.6,4.4,1.2,0.3,0.2,1.41,1.17,0.23,0.01
7,Cameroon,1980,64.8,30.2,7,4.5,1.2,0.5,0.3,1.68,1.41,0.25,0.02
7,Cameroon,1985,59.5,34.4,8,5.4,1.5,0.7,0.5,1.97,1.64,0.31,0.02
7,Cameroon,1990,54,38.2,8.9,6.8,1.9,1.0,0.7,2.31,1.88,0.4,0.03
9,Central African Rep.,1960,92.9,5,1.2,1.8,0.5,0.3,0.3,0.43,0.31,0.11,0.01
9,Central African Rep.,1965,92.8,5.4,1.3,1.5,0.4,0.3,0.2,0.41,0.31,0.09,0.01
9,Central African Rep.,1970,92,6.3,1.5,1.4,0.4,0.2,0.2,0.42,0.33,0.08,0.01
9,Central African Rep.,1975,89.9,8.5,2,1.5,0.4,0.2,0.2,0.51,0.42,0.09,0.01
9,Central African Rep.,1980,85.1,12.8,3,1.9,0.5,0.2,0.2,0.72,0.6,0.11,0.01
9,Central African Rep.,1985,78.8,18.3,4.3,2.6,0.7,0.4,0.3,1.01,0.85,0.15,0.01
9,Central African Rep.,1990,73.9,21.7,5,3.9,1.1,0.5,0.4,1.31,1.07,0.23,0.02
12,Congo,1960,1.79769313486232e+308,1.79769313486232e+308,1.79769313486232e+308,16.2,4.5,3.1,2.4,1.79769313486232e+308,1.79769313486232e+308,1,0.11
12,Congo,1965,1.79769313486232e+308,1.79769313486232e+308,1.79769313486232e+308,13.4,3.7,2.6,2.1,1.79769313486232e+308,1.79769313486232e+308,0.83,0.09
12,Congo,1970,1.79769313486232e+308,1.79769313486232e+308,1.79769313486232e+308,11.4,3.1,2.4,1.8,1.79769313486232e+308,1.79769313486232e+308,0.71,0.08
12,Congo,1975,86,1.3,0.3,10.5,2.9,2.3,1.8,1.56,0.81,0.66,0.08
12,Congo,1980,72.7,13.8,3.2,11.1,3.1,2.4,1.9,2.1,1.32,0.7,0.08
12,Congo,1985,58.7,21.3,5,17,4.7,3.0,2.3,3.13,1.99,1.03,0.11
12,Congo,1990,52.2,20.7,4.8,23.2,6.4,3.8,3.0,3.92,2.39,1.39,0.14
13,Egypt,1960,1.79769313486232e+308,1.79769313486232e+308,1.79769313486232e+308,1.79769313486232e+308,1.79769313486232e+308,0.8,0.7,1.79769313486232e+308,1.79769313486232e+308,1.79769313486232e+308,0.03
13,Egypt,1965,1.79769313486232e+308,1.79769313486232e+308,1.79769313486232e+308,1.79769313486232e+308,1.79769313486232e+308,1.5,1.3,1.79769313486232e+308,1.79769313486232e+308,1.79769313486232e+308,0.05
13,Egypt,1970,1.79769313486232e+308,1.79769313486232e+308,1.79769313486232e+308,1.79769313486232e+308,1.79769313486232e+308,2.3,2.1,1.79769313486232e+308,1.79769313486232e+308,1.79769313486232e+308,0.09
13,Egypt,1975,86.3,4.7,1.6,5.7,2.8,3.4,3.0,1.32,0.73,0.46,0.13
13,Egypt,1980,74.6,12.3,4.1,7.6,3.7,5.5,4.9,2.16,1.28,0.67,0.21
13,Egypt,1985,64.1,16.5,5.5,14.8,7.2,4.6,4.0,2.93,1.82,0.94,0.17
13,Egypt,1990,57.3,19.3,6.5,15.9,7.8,7.5,6.6,3.62,2.18,1.16,0.28
16,Gambia,1960,1.79769313486232e+308,1.79769313486232e+308,1.79769313486232e+308,3.3,0.8,0.4,0.3,1.79769313486232e+308,1.79769313486232e+308,0.21,0.01
16,Gambia,1965,1.79769313486232e+308,1.79769313486232e+308,1.79769313486232e+308,3,0.8,0.3,0.2,1.79769313486232e+308,1.79769313486232e+308,0.19,0.01
16,Gambia,1970,1.79769313486232e+308,1.79769313486232e+308,1.79769313486232e+308,3,0.8,0.2,0.2,1.79769313486232e+308,1.79769313486232e+308,0.19,0.01
16,Gambia,1975,94.9,1.3,0.5,3.6,1,0.2,0.2,0.5,0.28,0.21,0.01
16,Gambia,1980,92.3,3.3,0.9,4.2,0.9,0.2,0.1,0.64,0.39,0.24,0.01
16,Gambia,1985,89.9,5.2,1.2,4.7,0.9,0.1,0.1,0.75,0.49,0.26,0.0
16,Gambia,1990,87.9,6.3,1.4,5.7,0.9,0.1,0.1,0.89,0.58,0.31,0.0
17,Ghana,1960,86.2,12.1,2.8,1.1,0.3,0.7,0.5,0.69,0.56,0.11,0.02
17,Ghana,1965,83.3,14.4,3.3,1.7,0.4,0.6,0.5,0.82,0.67,0.13,0.02
17,Ghana,1970,77.7,5.8,1.3,16.1,3.3,0.4,0.3,2.03,1.2,0.81,0.01
17,Ghana,1975,75.5,9.6,2.2,14.4,2.5,0.5,0.4,1.98,1.25,0.71,0.02
17,Ghana,1980,68.2,18.1,4.2,13.1,1.9,0.6,0.5,2.17,1.49,0.65,0.02
17,Ghana,1985,63.2,20.8,4.8,15.3,2,0.8,0.6,2.51,1.73,0.75,0.03
17,Ghana,1990,58,24.2,5.6,16.9,2,0.9,0.7,2.82,1.96,0.83,0.03
21,Kenya,1960,77.3,20.4,6.1,2,0.4,0.3,0.2,1.2,1.09,0.11,0.01
21,Kenya,1965,77.9,20.1,6.6,1.8,0.3,0.3,0.2,1.18,1.08,0.09,0.01
21,Kenya,1970,75.9,20.5,8.6,3.1,0.3,0.5,0.4,1.45,1.27,0.16,0.02
21,Kenya,1975,72.5,23.9,6.9,3,0.3,0.6,0.5,1.51,1.33,0.16,0.02
21,Kenya,1980,58.6,32.2,7.6,8.6,0.8,0.6,0.5,2.46,2.04,0.4,0.02
21,Kenya,1985,56.4,37.7,8.2,5.2,0.5,0.7,0.5,2.3,2.02,0.26,0.02
21,Kenya,1990,47.5,44.6,9.3,7.1,0.7,0.8,0.6,2.82,2.44,0.35,0.03
22,Lesotho,1960,39.2,59.1,16.1,1.7,0.5,0.1,0.1,2.82,2.75,0.06,0.0
22,Lesotho,1965,41.1,57.2,14.9,1.6,0.4,0.1,0.1,2.71,2.64,0.06,0.0
22,Lesotho,1970,41.8,56.4,13,1.7,0.5,0.1,0.1,2.63,2.55,0.07,0.01
22,Lesotho,1975,34.3,61.1,9.1,4.6,1.3,0.1,0.1,2.96,2.79,0.17,0.0
22,Lesotho,1980,33.9,61.4,11.2,4.6,1.3,0.2,0.2,3.05,2.87,0.17,0.01
22,Lesotho,1985,33.5,60.8,11.9,5.2,1.4,0.5,0.5,3.17,2.94,0.21,0.02
22,Lesotho,1990,33.6,59.3,11.9,6.3,1.7,0.7,0.7,3.28,2.99,0.26,0.03
23,Liberia,1960,92.3,5,2.9,1.7,0.6,1.0,0.7,0.56,0.4,0.13,0.03
23,Liberia,1965,89.3,8.1,2.6,1.6,0.6,0.9,0.7,0.63,0.47,0.12,0.03
23,Liberia,1970,85.9,11.7,3.8,1.6,0.7,0.8,0.6,0.76,0.61,0.12,0.03
23,Liberia,1975,87.1,3.8,1.2,7.5,3.9,1.5,1.1,1.17,0.69,0.43,0.05
23,Liberia,1980,82.9,8.1,2,7.5,2.9,1.6,1.1,1.31,0.85,0.41,0.05
23,Liberia,1985,76.6,13.1,2.9,8.6,2.6,1.7,1.2,1.6,1.1,0.44,0.06
23,Liberia,1990,70.3,17.2,3.6,10.6,2.5,1.9,1.4,1.94,1.37,0.51,0.07
25,Malawi,1960,65.9,33.6,9.1,0.5,0.1,0.0,0.0,1.76,1.74,0.01,0.0
25,Malawi,1965,67.5,32.1,8.2,0.4,0.1,0.0,0.0,1.66,1.65,0.01,0.0
25,Malawi,1970,68.9,30.7,6.7,0.4,0.1,0.0,0.0,1.54,1.53,0.01,0.0
25,Malawi,1975,55.4,42,4.7,2.5,1,0.2,0.2,2.19,2.08,0.1,0.01
25,Malawi,1980,58,39.6,10.8,2.2,0.9,0.3,0.3,2.31,2.21,0.09,0.01
25,Malawi,1985,55,39.8,8,4.8,2.1,0.4,0.4,2.54,2.33,0.19,0.02
25,Malawi,1990,56,39.4,8,4.1,1.4,0.4,0.4,2.44,2.26,0.16,0.02
26,Mali,1960,96.3,3.3,0.9,0.1,0,0.3,0.2,0.25,0.22,0.01,0.01
26,Mali,1965,96.2,3.4,0.9,0.1,0,0.3,0.2,0.24,0.23,0.01,0.01
26,Mali,1970,95.9,3.7,0.9,0.2,0.1,0.2,0.2,0.26,0.24,0.01,0.01
26,Mali,1975,95.4,3.8,0.8,0.6,0.2,0.2,0.2,0.3,0.28,0.02,0.01
26,Mali,1980,93.1,5.7,1.2,1,0.3,0.3,0.2,0.46,0.42,0.03,0.01
26,Mali,1985,91.3,6.6,1.4,1.8,0.5,0.3,0.2,0.6,0.54,0.04,0.01
26,Mali,1990,89.3,7.8,1.6,2.5,0.7,0.4,0.3,0.76,0.68,0.06,0.02
28,Mauritius,1960,47.6,44.4,10.3,6.7,2,1.3,0.5,2.44,2.12,0.28,0.04
28,Mauritius,1965,44.1,47.1,16,7.8,2.5,1.1,0.5,2.77,2.42,0.31,0.03
28,Mauritius,1970,36,50.9,18.3,11.9,4.2,1.2,0.5,3.36,2.86,0.46,0.03
28,Mauritius,1975,33.4,50.6,15.3,14.4,5.9,1.5,0.6,3.56,2.93,0.58,0.04
28,Mauritius,1980,23.9,52,14.8,20.6,10,3.6,1.5,4.5,3.46,0.95,0.1
28,Mauritius,1985,21.1,52.7,12.9,23.1,13.9,3.1,1.3,4.71,3.54,1.08,0.09
28,Mauritius,1990,18.3,48.7,6.1,31.1,23.9,1.9,0.8,5.15,3.62,1.47,0.05
30,Mozambique,1960,93.2,6.1,1.4,0.7,0.2,0.1,0.0,0.22,0.18,0.03,0.0
30,Mozambique,1965,91,8.3,1.9,0.6,0.2,0.0,0.0,0.26,0.23,0.03,0.0
30,Mozambique,1970,87.6,11.8,2.7,0.6,0.2,0.1,0.0,0.35,0.32,0.03,0.0
30,Mozambique,1975,83.1,16.2,3.8,0.6,0.2,0.1,0.1,0.47,0.43,0.03,0.0
30,Mozambique,1980,81,18.1,4.2,0.8,0.2,0.1,0.1,0.53,0.48,0.04,0.0
30,Mozambique,1985,78.6,20.4,4.8,0.8,0.2,0.1,0.1,0.59,0.54,0.04,0.0
30,Mozambique,1990,73,25.9,6,1,0.3,0.1,0.1,0.74,0.68,0.05,0.0
31,Niger,1960,95,4.8,1.1,0.2,0.1,0.0,0.0,0.2,0.19,0.01,0.0
31,Niger,1965,95.7,4.1,1,0.2,0.1,0.0,0.0,0.17,0.16,0.01,0.0
31,Niger,1970,96.2,3.6,0.8,0.2,0.1,0.0,0.0,0.16,0.15,0.01,0.0
31,Niger,1975,91,8.4,2,0.4,0.1,0.2,0.2,0.39,0.35,0.03,0.01
31,Niger,1980,90.9,8.4,2,0.5,0.1,0.2,0.1,0.39,0.35,0.04,0.01
31,Niger,1985,90.3,8.7,2,0.8,0.2,0.2,0.2,0.44,0.38,0.05,0.01
31,Niger,1990,88.8,9.6,2.2,1.3,0.4,0.3,0.2,0.55,0.45,0.08,0.01
33,Rwanda,1960,1.79769313486232e+308,1.79769313486232e+308,1.79769313486232e+308,2.5,0.7,0.5,0.4,1.79769313486232e+308,1.79769313486232e+308,0.13,0.02
33,Rwanda,1965,1.79769313486232e+308,1.79769313486232e+308,1.79769313486232e+308,2.2,0.6,0.4,0.3,1.79769313486232e+308,1.79769313486232e+308,0.11,0.01
33,Rwanda,1970,92.3,5.3,1.4,2.1,0.6,0.3,0.3,0.46,0.35,0.1,0.01
33,Rwanda,1975,83.9,13.7,3.4,2.1,0.6,0.3,0.3,0.76,0.65,0.1,0.01
33,Rwanda,1980,77,20.8,4,2,0.6,0.3,0.3,0.99,0.88,0.09,0.01
33,Rwanda,1985,68.1,29.7,5.9,1.9,0.5,0.3,0.3,1.31,1.2,0.09,0.01
33,Rwanda,1990,63.2,34.6,7,1.9,0.5,0.3,0.3,1.48,1.38,0.09,0.01
34,Senegal,1960,63.1,33.8,7.9,2.5,0.7,0.6,0.5,1.62,1.44,0.16,0.02
34,Senegal,1965,69,28.2,6.6,2.2,0.6,0.6,0.5,1.38,1.21,0.15,0.02
34,Senegal,1970,73,24.3,5.7,2.1,0.6,0.7,0.5,1.23,1.06,0.15,0.02
34,Senegal,1975,56,40.8,9.5,2.5,0.7,0.8,0.6,1.91,1.71,0.18,0.03
34,Senegal,1980,59,36.7,8.5,3.2,0.9,1.0,0.8,1.88,1.61,0.23,0.04
34,Senegal,1985,61.3,33.7,7.8,3.7,1,1.4,1.1,1.87,1.55,0.28,0.05
34,Senegal,1990,63,31.1,7.2,4.3,1.2,1.6,1.3,1.88,1.5,0.32,0.06
36,Sierra Leone,1960,94.4,3.3,2.9,2,0.9,0.3,0.2,0.53,0.38,0.14,0.01
36,Sierra Leone,1965,93.7,4.1,1.9,1.9,0.7,0.3,0.2,0.5,0.36,0.13,0.01
36,Sierra Leone,1970,92.7,5.2,1.6,1.8,0.5,0.3,0.2,0.52,0.39,0.12,0.01
36,Sierra Leone,1975,90.4,7,1.7,2.2,0.5,0.3,0.3,0.64,0.48,0.14,0.01
36,Sierra Leone,1980,87.6,9,2,3,0.5,0.4,0.3,0.83,0.62,0.19,0.01
36,Sierra Leone,1985,84.4,11,2.3,4.1,0.6,0.5,0.4,1.05,0.79,0.25,0.02
36,Sierra Leone,1990,81,13,2.7,5.4,0.7,0.6,0.4,1.31,0.97,0.32,0.02
38,South Africa,1960,49.5,23.3,14.2,27.2,6.7,0.0,0.0,4.06,3.22,0.85,0.0
38,South Africa,1965,48,27.4,7.7,24,5.9,0.6,0.4,3.75,2.95,0.78,0.02
38,South Africa,1970,42.1,26.7,5.3,27.4,6.7,3.7,2.9,4.47,3.3,1.04,0.13
38,South Africa,1975,41.7,30.7,6.2,23.8,4.7,3.8,3.0,4.27,3.23,0.91,0.14
38,South Africa,1980,31.2,40.3,8.2,27.1,4.5,1.4,1.1,4.6,3.69,0.86,0.05
38,South Africa,1985,24.4,46.6,9.5,26.7,3.8,2.3,1.8,4.95,3.99,0.88,0.08
38,South Africa,1990,25.9,47.2,9.7,23,2.9,3.8,3.0,4.84,3.87,0.84,0.14
39,Sudan,1960,90.4,8.9,1.9,0.7,0.2,0.0,0.0,0.29,0.24,0.04,0.0
39,Sudan,1965,89.6,9.8,2,0.6,0.2,0.1,0.1,0.31,0.26,0.04,0.0
39,Sudan,1970,88.7,10.2,2.1,0.9,0.3,0.2,0.2,0.37,0.29,0.07,0.01
39,Sudan,1975,86,12.3,2.5,1.2,0.5,0.4,0.3,0.48,0.36,0.1,0.02
39,Sudan,1980,83.1,14.2,2.9,2,0.9,0.6,0.5,0.64,0.45,0.17,0.02
39,Sudan,1985,76.7,18.6,3.8,3.9,2,0.8,0.6,0.96,0.64,0.3,0.03
39,Sudan,1990,72,21.2,4.3,5.8,2.2,1.0,0.8,1.22,0.78,0.4,0.04
40,Swaziland,1960,71.7,21.3,5.7,6.4,2.2,0.5,0.4,1.85,1.64,0.19,0.02
40,Swaziland,1965,73.1,20.9,5.3,5.6,2.2,0.4,0.3,1.71,1.53,0.17,0.01
40,Swaziland,1970,72.6,21.8,6.6,5.2,1.6,0.3,0.3,1.74,1.58,0.15,0.01
40,Swaziland,1975,53.6,34.6,9.2,11.4,3.5,0.4,0.3,3.02,2.7,0.31,0.01
40,Swaziland,1980,52,40.9,9.3,6.2,1.2,0.8,0.6,2.78,2.57,0.18,0.03
40,Swaziland,1985,48.7,41.4,8.8,8.5,1.4,1.4,1.1,3.11,2.8,0.25,0.05
40,Swaziland,1990,44,42.8,8.9,11.3,1.6,1.9,1.5,3.52,3.12,0.33,0.07
42,Togo,1960,94.7,4.5,1.3,0.7,0.2,0.1,0.1,0.27,0.22,0.04,0.0
42,Togo,1965,92.5,6.6,2.1,0.7,0.2,0.1,0.1,0.35,0.31,0.04,0.0
42,Togo,1970,89.8,9.1,3.3,0.9,0.2,0.1,0.1,0.48,0.43,0.05,0.0
42,Togo,1975,85.4,12.9,3.4,1.5,0.3,0.2,0.1,0.67,0.59,0.08,0.01
42,Togo,1980,76.5,13.5,3.1,8.7,1.4,1.3,1.0,1.62,1.1,0.48,0.05
42,Togo,1985,70.7,18,3.9,9.8,1.3,1.5,1.2,1.92,1.33,0.53,0.05
42,Togo,1990,62.1,23.1,4.8,13.2,1.6,1.6,1.3,2.47,1.73,0.69,0.06
43,Tunisia,1960,92.3,4.7,1.6,2.3,1,0.7,0.6,0.54,0.37,0.14,0.03
43,Tunisia,1965,89.1,7.1,2.4,3,1.4,0.7,0.6,0.71,0.51,0.17,0.03
43,Tunisia,1970,85.6,9.8,3.3,3.7,1.7,0.9,0.8,0.91,0.67,0.21,0.03
43,Tunisia,1975,82.7,9.7,3.2,6.4,3.2,1.2,1.1,1.25,0.84,0.36,0.05
43,Tunisia,1980,72.1,17.2,5.8,8.9,4.8,1.8,1.6,1.92,1.33,0.52,0.07
43,Tunisia,1985,66.3,18.9,6.3,12,6.6,2.8,2.5,2.48,1.64,0.73,0.11
43,Tunisia,1990,57.3,26.1,8.7,13.1,7.4,3.4,3.1,2.99,2.04,0.82,0.13
44,Uganda,1960,70.4,28.5,7.3,1.1,0.2,0.0,0.0,1.17,1.14,0.03,0.0
44,Uganda,1965,71.9,26.5,5.8,1.6,0.2,0.0,0.0,1.11,1.06,0.04,0.0
44,Uganda,1970,71.8,26.5,3,1.8,0.1,0.1,0.1,1.05,1,0.04,0.0
44,Uganda,1975,69.5,28.1,4.8,2.1,0.1,0.2,0.1,1.19,1.13,0.06,0.01
44,Uganda,1980,64.7,32.7,6.2,2.4,0.2,0.3,0.2,1.4,1.33,0.07,0.01
44,Uganda,1985,65.8,31.3,6.2,2.6,0.2,0.3,0.3,1.39,1.3,0.07,0.01
44,Uganda,1990,65.6,31.1,6.3,2.9,0.2,0.4,0.3,1.42,1.32,0.09,0.02
45,Zaire,1960,85.8,13.5,2.2,0.7,0.2,0.0,0.0,0.54,0.52,0.02,0.0
45,Zaire,1965,82.3,16.8,3.2,0.9,0.2,0.0,0.0,0.69,0.66,0.03,0.0
45,Zaire,1970,78.4,20.3,4,1.2,0.3,0.1,0.0,0.85,0.81,0.04,0.0
45,Zaire,1975,74.1,24,4.9,1.7,0.5,0.2,0.1,1.05,0.98,0.07,0.01
45,Zaire,1980,69,27.8,5.7,2.8,0.8,0.4,0.3,1.32,1.2,0.11,0.02
45,Zaire,1985,62.2,32.2,6.6,4.9,1.4,0.6,0.5,1.71,1.5,0.19,0.02
45,Zaire,1990,57,32,6.5,10.3,2.8,0.8,0.6,2.21,1.82,0.37,0.03
46,Zambia,1960,67.3,31.4,4.4,0.8,0.3,0.5,0.4,1.62,1.54,0.07,0.02
46,Zambia,1965,67.2,31.6,8.7,0.8,0.3,0.4,0.3,1.78,1.71,0.06,0.01
46,Zambia,1970,63.9,31.9,6.5,3.7,1.7,0.6,0.5,2.12,1.88,0.22,0.02
46,Zambia,1975,61.7,33.8,6.9,4,1.4,0.6,0.4,2.23,1.99,0.22,0.02
46,Zambia,1980,49.8,37,7.6,12.8,3.5,0.4,0.3,3.46,2.84,0.61,0.01
46,Zambia,1985,43.1,44,9,12.3,2.7,0.7,0.5,3.76,3.16,0.58,0.02
46,Zambia,1990,37.3,49.7,10.2,12.3,2.2,0.8,0.6,4.05,3.44,0.58,0.03
47,Zimbabwe,1960,54,44.8,11.8,0.9,0.1,0.3,0.2,1.54,1.48,0.06,0.01
47,Zimbabwe,1965,51.9,46,11,1.9,0.2,0.2,0.2,1.63,1.53,0.09,0.01
47,Zimbabwe,1970,43,54.6,9.3,1.9,0,0.6,0.5,1.86,1.72,0.11,0.02
47,Zimbabwe,1975,39.7,57.2,10.9,2.5,0.1,0.6,0.5,2.02,1.86,0.14,0.02
47,Zimbabwe,1980,34.2,61.8,12.3,3.2,0.1,0.8,0.7,2.26,2.05,0.18,0.03
47,Zimbabwe,1985,36.2,58.6,11.9,4.2,0.2,1.0,0.7,2.29,2.02,0.23,0.03
47,Zimbabwe,1990,37.8,56.3,11.5,4.3,0.3,1.5,1.1,2.31,1.99,0.27,0.05
49,Barbados,1960,0,81.4,22.5,16.2,4.7,1.0,0.7,5.22,4.15,1.03,0.03
49,Barbados,1965,0.5,80.9,22.4,17.5,5.1,1.0,0.7,5.35,4.21,1.11,0.03
49,Barbados,1970,1.1,33.7,9.3,63.9,18.6,1.2,0.8,9.09,5.2,3.85,0.04
49,Barbados,1975,1.5,35.7,9.9,61.2,17.8,1.6,1.1,8.91,5.14,3.72,0.05
49,Barbados,1980,0.8,63.5,17.6,32.3,9.4,3.3,2.2,6.84,4.57,2.16,0.11
49,Barbados,1985,2.3,55.2,15.3,36.9,10.7,5.5,3.8,7.46,4.66,2.61,0.19
49,Barbados,1990,1.9,48.4,13.4,41.8,12.2,7.8,5.3,8.18,4.83,3.08,0.26
50,Canada,1960,1.7,47.2,27.2,37.9,17.5,13.1,3.5,8.07,5.29,2.45,0.33
50,Canada,1965,3.8,47.3,26.5,35.5,14.7,13.5,3.6,7.8,5.15,2.31,0.34
50,Canada,1970,1.4,38.4,20,45,18.8,15.2,4.1,8.57,5.36,2.83,0.39
50,Canada,1975,1.8,30.7,12.2,36.6,15.5,30.9,8.3,9.54,5.34,3.42,0.78
50,Canada,1980,2,23.7,9.5,36.8,16,37.4,10.1,10.23,5.45,3.83,0.95
50,Canada,1985,1.2,19.9,14.9,59.5,24.8,19.3,5.2,9.95,5.77,3.69,0.49
50,Canada,1990,1,15.7,11.7,62,27.7,21.4,5.8,10.34,5.83,3.97,0.54
51,Costa Rica,1960,17.4,72.2,20.8,7.7,2.7,2.7,1.8,3.92,3.41,0.42,0.09
51,Costa Rica,1965,20.6,68.7,19.6,7.6,2.8,3.1,2.1,3.83,3.29,0.44,0.1
51,Costa Rica,1970,20.6,68.7,12.1,7.6,2.9,3.1,2.1,3.61,3.07,0.44,0.1
51,Costa Rica,1975,16.1,66.9,17.8,11.2,4.9,5.8,3.9,4.48,3.56,0.72,0.19
51,Costa Rica,1980,15,66.9,16,9.7,4.2,8.4,5.7,4.65,3.57,0.79,0.28
51,Costa Rica,1985,14.1,64.1,14.7,10.2,4.3,11.6,7.9,5.03,3.67,0.97,0.39
51,Costa Rica,1990,12.8,61.8,13.9,11.4,4.8,14.0,9.5,5.4,3.79,1.14,0.47
53,Dominican Rep.,1960,43.4,53.1,13.8,2.7,0.7,0.8,0.5,2.38,2.22,0.13,0.03
53,Dominican Rep.,1965,47.7,48.4,10.2,3,0.7,0.9,0.6,2.16,1.99,0.14,0.03
53,Dominican Rep.,1970,40.1,45.9,4.3,12.1,2.5,1.9,1.3,2.87,2.35,0.46,0.06
53,Dominican Rep.,1975,41.4,45.6,7.9,10.3,2.7,2.8,1.9,2.96,2.39,0.48,0.09
53,Dominican Rep.,1980,43.7,42.5,8.6,9.5,2.9,4.3,2.9,3.07,2.36,0.57,0.15
53,Dominican Rep.,1985,44,39.3,8.4,10.3,3.5,6.4,4.4,3.38,2.44,0.73,0.22
53,Dominican Rep.,1990,43.8,36,7.9,11.1,4,9.1,6.2,3.76,2.53,0.93,0.31
54,El Salvador,1960,61.8,33.2,5.1,4.6,2,0.5,0.3,1.7,1.46,0.23,0.02
54,El Salvador,1965,62,33.2,6.5,4.2,1.8,0.6,0.4,1.72,1.48,0.22,0.02
54,El Salvador,1970,54.2,37.9,8,6,2.5,1.9,1.3,2.29,1.85,0.37,0.06
54,El Salvador,1975,51.5,40,8.7,6.3,2.6,2.2,1.5,2.44,1.97,0.4,0.07
54,El Salvador,1980,36,54.4,12,6.3,2.6,3.3,2.2,3.14,2.57,0.46,0.11
54,El Salvador,1985,35.4,54.6,12.1,6.6,2.7,3.4,2.3,3.2,2.6,0.48,0.11
54,El Salvador,1990,34.9,54.4,12.1,4.6,1.9,6.1,4.2,3.4,2.64,0.56,0.21
56,Guatemala,1960,69.7,26.2,7.1,3.7,1.1,0.5,0.3,1.42,1.25,0.16,0.02
56,Guatemala,1965,69.2,26.6,6.4,3.5,1,0.7,0.5,1.43,1.24,0.16,0.02
56,Guatemala,1970,68,27.4,6.3,3.5,1,1.0,0.7,1.5,1.29,0.18,0.03
56,Guatemala,1975,66.7,27.2,6.1,4.9,1.4,1.2,0.8,1.64,1.37,0.24,0.04
56,Guatemala,1980,54.7,35.7,8,7.4,2.2,2.2,1.5,2.34,1.89,0.38,0.07
56,Guatemala,1985,54.1,36.2,8,6.2,1.8,3.5,2.4,2.42,1.91,0.4,0.12
56,Guatemala,1990,52.7,37,8.2,5.9,1.7,4.5,3.1,2.56,1.98,0.43,0.15
57,Haiti,1960,90.2,5.4,1.4,4.2,1.9,0.2,0.2,0.7,0.47,0.22,0.01
57,Haiti,1965,89.9,6,1.4,3.9,1.9,0.3,0.2,0.69,0.47,0.21,0.01
57,Haiti,1970,83.5,12.4,1.8,3.8,2,0.3,0.2,0.9,0.67,0.22,0.01
57,Haiti,1975,82.4,13.4,2.6,3.9,1.9,0.3,0.2,0.96,0.73,0.22,0.01
57,Haiti,1980,77,15.2,3.2,7.2,3.4,0.7,0.5,1.45,1.03,0.4,0.02
57,Haiti,1985,59.5,30.5,6.6,9.3,4.2,0.7,0.5,2.23,1.71,0.5,0.02
57,Haiti,1990,61.7,27.9,6.1,9.6,4.2,0.8,0.6,2.19,1.65,0.51,0.03
58,Honduras,1960,60.9,34.9,6.9,3.5,1.6,0.6,0.4,1.69,1.5,0.17,0.02
58,Honduras,1965,62.7,33.5,8.6,3.1,1.6,0.7,0.5,1.68,1.49,0.16,0.02
58,Honduras,1970,61.5,34.6,8,3.1,1.8,0.9,0.6,1.71,1.51,0.17,0.03
58,Honduras,1975,53.1,40.5,6,5.3,3.8,1.0,0.7,2.09,1.77,0.28,0.03
58,Honduras,1980,48.8,44.6,8.6,4.8,2.8,1.8,1.2,2.34,1.99,0.29,0.06
58,Honduras,1985,33.5,51.3,10.8,11.9,7.6,3.3,2.2,3.56,2.78,0.67,0.11
58,Honduras,1990,32.1,52.4,11.4,10.9,6.2,4.6,3.2,3.68,2.84,0.68,0.16
59,Jamaica,1960,18.8,75.3,20.8,5.5,1.6,0.5,0.3,2.46,2.16,0.28,0.02
59,Jamaica,1965,16.1,78,21.6,5.3,1.5,0.7,0.5,2.54,2.23,0.29,0.02
59,Jamaica,1970,5.1,86.8,24,6.9,2,1.1,0.7,2.96,2.54,0.39,0.04
59,Jamaica,1975,4.2,82,22.7,12.1,3.5,1.7,1.2,3.37,2.65,0.67,0.06
59,Jamaica,1980,3.2,79.8,22.1,15,4.4,2.0,1.4,3.6,2.72,0.82,0.07
59,Jamaica,1985,2.6,72.7,20.1,21.9,6.4,2.8,1.9,4.13,2.84,1.19,0.1
59,Jamaica,1990,4.2,64.2,17.8,28.6,8.3,3.1,2.1,4.51,2.9,1.5,0.1
60,Mexico,1960,46,48.3,10.4,4.3,1.5,1.4,0.8,2.41,2.1,0.26,0.04
60,Mexico,1965,47.7,46.8,13.4,3.8,1.7,1.6,1.0,2.45,2.13,0.26,0.05
60,Mexico,1970,35,54.7,15.3,7.8,3.7,2.6,1.5,3.31,2.72,0.5,0.08
60,Mexico,1975,36.3,52.9,16.8,7.5,3.2,3.3,1.9,3.36,2.74,0.52,0.1
60,Mexico,1980,34.2,48.6,17.2,11.8,5.1,5.4,3.2,4.01,3.01,0.83,0.17
60,Mexico,1985,31,50,17.1,11.7,5.3,7.3,4.3,4.34,3.15,0.95,0.23
60,Mexico,1990,18.8,48.5,19.9,23.4,10.7,9.2,5.4,5.87,4.01,1.58,0.29
61,Nicaragua,1960,59,33.7,9.1,4.7,1.4,2.5,1.7,2.09,1.71,0.29,0.08
61,Nicaragua,1965,56.5,32.8,7.8,2.7,0.8,3.5,2.4,1.98,1.59,0.27,0.12
61,Nicaragua,1970,53.9,34.6,7.9,6.9,2,4.5,3.1,2.59,1.96,0.47,0.15
61,Nicaragua,1975,50.5,38.9,8.7,5.8,1.7,4.8,3.2,2.67,2.06,0.45,0.16
61,Nicaragua,1980,46.9,42.7,9.5,4.8,1.4,5.6,3.8,2.83,2.19,0.45,0.19
61,Nicaragua,1985,44.3,44.8,10,3.4,1,7.5,5.1,3.05,2.3,0.5,0.25
61,Nicaragua,1990,42.2,44.2,9.8,5.6,1.6,8.0,5.5,3.31,2.44,0.6,0.27
62,Panama,1960,28,54.1,24.4,15.4,4.1,2.6,1.8,4.26,3.43,0.74,0.09
62,Panama,1965,27.1,55,15.9,14.9,6.8,3.0,2.0,4.13,3.2,0.83,0.1
62,Panama,1970,24.9,53.5,16.4,17.4,8.4,4.2,2.9,4.56,3.39,1.03,0.14
62,Panama,1975,23.8,53.4,19.3,18.2,8.7,4.7,3.2,4.79,3.55,1.09,0.16
62,Panama,1980,18.3,50.3,23.2,23.2,11.5,8.3,5.7,5.91,4.09,1.54,0.28
62,Panama,1985,18.8,48.2,18.7,21.9,11.3,11.1,7.5,6.02,3.99,1.66,0.37
62,Panama,1990,12.9,41.6,21.6,28.7,16.2,16.8,11.4,7.55,4.63,2.36,0.56
65,Trinidad & Tobago,1960,14.7,71.8,18.2,12.5,3.6,1.0,0.7,4.31,3.51,0.77,0.03
65,Trinidad & Tobago,1965,12.1,75.1,19.9,11.8,3.2,1.0,0.7,4.37,3.62,0.72,0.03
65,Trinidad & Tobago,1970,11.6,74.6,21.9,12.6,3.2,1.2,0.8,4.54,3.72,0.78,0.04
65,Trinidad & Tobago,1975,11.9,71.5,26.7,15.2,3.3,1.5,1.0,4.93,3.95,0.93,0.05
65,Trinidad & Tobago,1980,1.3,72,42.6,23.7,4,2.9,2.0,6.6,5.03,1.47,0.1
65,Trinidad & Tobago,1985,3.7,67.9,24.8,25.1,6,3.3,2.3,6.21,4.49,1.61,0.11
65,Trinidad & Tobago,1990,5.6,62.3,17.3,28.6,8.3,3.5,2.4,6.27,4.31,1.84,0.12
66,United States,1960,2.3,37.4,17.5,43.8,18.9,16.5,10.0,8.66,5.26,2.87,0.53
66,United States,1965,2.1,36,28.2,43.8,20.6,18.2,11.0,9.25,5.64,3.02,0.58
66,United States,1970,1.6,32.7,28.8,44.4,23.6,21.3,12.9,9.79,5.79,3.32,0.68
66,United States,1975,1.4,30.7,20.6,42.6,26.3,25.3,15.3,10.01,5.61,3.59,0.81
66,United States,1980,1,6.3,3.7,62.9,47.1,29.8,18.0,11.91,5.86,5.09,0.96
66,United States,1985,1.5,7.4,3.8,57.4,36.1,33.7,20.4,11.71,5.8,4.83,1.08
66,United States,1990,1.2,9.1,4.4,44.4,24.2,45.2,27.3,12,5.78,4.77,1.45
67,Argentina,1960,12,73.4,19.9,11.6,5.3,3.0,1.8,4.99,4.29,0.6,0.1
67,Argentina,1965,12.2,72,22.4,11.7,5.2,4.1,2.5,5.2,4.41,0.66,0.13
67,Argentina,1970,8.3,72.4,30.6,15.3,6.6,4.0,2.4,5.88,4.96,0.79,0.13
67,Argentina,1975,8.7,71.2,27,14.7,6.3,5.5,3.3,5.86,4.85,0.84,0.17
67,Argentina,1980,7.1,66.4,33,20.4,8.6,6.1,3.7,6.62,5.33,1.09,0.2
67,Argentina,1985,6.7,64.7,27.6,20.4,8.5,8.2,5.0,6.69,5.23,1.19,0.26
67,Argentina,1990,5.7,56.9,34.6,25.3,10.5,12.0,7.2,7.77,5.81,1.57,0.38
68,Bolivia,1960,44.9,20.2,5.6,31.2,10.8,3.7,2.5,4.68,2.87,1.69,0.12
68,Bolivia,1965,48.9,21.6,6,25.8,9.2,3.7,2.5,4.16,2.6,1.44,0.12
68,Bolivia,1970,49.5,25,6.9,21.6,8.1,3.9,2.6,3.88,2.49,1.26,0.13
68,Bolivia,1975,48.6,28.5,7.9,17.9,7.1,5.0,3.4,3.79,2.47,1.16,0.17
68,Bolivia,1980,46.4,32,8.8,15.4,6.2,6.2,4.2,3.84,2.52,1.11,0.21
68,Bolivia,1985,44.1,34.4,9.5,14,5.7,7.5,5.1,3.98,2.61,1.12,0.25
68,Bolivia,1990,40.8,38.8,10.7,11.3,4.6,9.1,6.2,4.11,2.71,1.09,0.31
69,Brazil,1960,43.1,42.8,11.6,12.1,4.3,2.0,1.4,2.89,2.07,0.75,0.07
69,Brazil,1965,43.5,44,13.7,10.5,3.9,2.0,1.3,2.81,2.07,0.67,0.07
69,Brazil,1970,42.6,46.1,19.4,9.6,3.7,2.0,1.4,2.92,2.22,0.64,0.07
69,Brazil,1975,32.7,57.3,4.3,5.7,2.2,4.3,2.9,2.78,2.04,0.6,0.14
69,Brazil,1980,32.9,55.3,4.9,6.9,2.7,5.0,3.4,2.98,2.1,0.71,0.17
69,Brazil,1985,33.9,54.8,9.3,5,2,6.4,4.3,3.09,2.17,0.7,0.21
69,Brazil,1990,22.4,65.8,13.3,4.7,1.9,7.2,4.9,3.56,2.57,0.75,0.24
70,Chile,1960,20.2,55.3,22.1,22.4,11,2.1,1.4,4.99,3.79,1.13,0.07
70,Chile,1965,20,56.9,16.6,20.6,9.6,2.4,1.7,4.72,3.59,1.05,0.08
70,Chile,1970,12.4,57.2,14.2,26.6,12,3.8,2.6,5.48,3.97,1.39,0.13
70,Chile,1975,11.1,59.4,13.8,24.7,10.8,4.8,3.3,5.48,3.96,1.35,0.16
70,Chile,1980,9.4,56.6,12.8,26.9,11.6,7.2,4.9,5.96,4.13,1.59,0.24
70,Chile,1985,9,57.2,12.8,25.6,10.8,8.3,5.7,6,4.13,1.59,0.28
70,Chile,1990,8,57.2,12.7,25.1,10.5,9.7,6.6,6.16,4.18,1.65,0.33
71,Colombia,1960,35.1,51.3,10.9,11.9,3.9,1.9,1.3,2.97,2.24,0.66,0.06
71,Colombia,1965,38.5,49.2,10.7,10.4,3.7,1.8,1.2,2.77,2.11,0.6,0.06
71,Colombia,1970,40.2,48,10.6,9.8,3.6,2.0,1.4,2.71,2.06,0.59,0.07
71,Colombia,1975,22.4,55.9,12.4,18.4,7,3.3,2.2,3.98,2.79,1.07,0.11
71,Colombia,1980,25.4,53.9,12,16.4,6.4,4.3,2.9,3.87,2.68,1.04,0.15
71,Colombia,1985,24.5,53.4,11.9,16.4,6.5,5.7,3.9,4.05,2.74,1.13,0.19
71,Colombia,1990,24.5,51.7,11.5,16.6,6.6,7.3,4.9,4.25,2.77,1.23,0.24
72,Ecuador,1960,37.8,53.7,13.6,7.1,2.6,1.4,1.0,2.95,2.53,0.38,0.05
72,Ecuador,1965,39.6,52.4,15.5,6.5,2.5,1.6,1.1,2.94,2.52,0.37,0.05
72,Ecuador,1970,39.5,52.4,17.6,6.2,2.6,1.9,1.3,3.04,2.59,0.38,0.07
72,Ecuador,1975,31.9,53.7,23.9,11.2,5.3,3.2,2.2,3.99,3.19,0.69,0.11
72,Ecuador,1980,25.4,51.1,34.1,16,7.9,7.6,5.2,5.4,3.97,1.17,0.26
72,Ecuador,1985,24.5,51,20.1,10.9,5.1,13.6,9.2,5.36,3.6,1.3,0.46
72,Ecuador,1990,24,49.1,14.2,9.4,4.2,17.6,12.0,5.57,3.51,1.46,0.59
73,Guyana,1960,13.3,84,23.2,2.2,0.6,0.5,0.4,3.5,3.38,0.11,0.02
73,Guyana,1965,13,81.5,22.5,5.1,1.5,0.4,0.3,3.67,3.45,0.2,0.01
73,Guyana,1970,12.2,77.6,21.5,9.2,2.7,1.0,0.7,4,3.58,0.38,0.03
73,Guyana,1975,10.8,71.8,19.9,16.2,4.7,1.2,0.8,4.47,3.79,0.64,0.04
73,Guyana,1980,8.1,72.9,20.2,17.3,5,1.8,1.2,4.71,3.94,0.71,0.06
73,Guyana,1985,9.2,64.9,18,23.9,6.9,2.0,1.4,5.06,4.04,0.95,0.07
73,Guyana,1990,10.8,56.8,15.7,30.3,8.8,2.0,1.4,5.37,4.12,1.19,0.07
74,Paraguay,1960,26.4,65.4,16.8,6.9,2.6,1.2,1.0,3.35,2.95,0.36,0.04
74,Paraguay,1965,25.7,66.7,15.5,6.2,2.5,1.4,1.1,3.32,2.92,0.34,0.05
74,Paraguay,1970,19.6,68,10.3,10.3,4.5,2.1,1.7,3.74,3.09,0.57,0.08
74,Paraguay,1975,19.7,68.3,18.1,9.4,4,2.5,2.0,3.95,3.31,0.56,0.09
74,Paraguay,1980,14.2,66.4,15.4,16,6.8,3.4,2.7,4.63,3.62,0.89,0.12
74,Paraguay,1985,13.5,67.9,15.3,14.1,5.9,4.5,3.6,4.65,3.61,0.87,0.16
74,Paraguay,1990,13.8,67.1,15,13.6,5.6,5.6,4.4,4.72,3.61,0.91,0.2
75,Peru,1960,42.8,44.9,11.7,9.7,4.1,2.6,1.8,3.02,2.44,0.5,0.09
75,Peru,1965,43.9,44.6,12.6,8.6,4,2.9,2.0,2.98,2.4,0.48,0.1
75,Peru,1970,35,47.1,16.1,13.4,7.1,4.5,3.1,3.89,2.97,0.77,0.15
75,Peru,1975,37,45.1,15,12.2,5.9,5.8,3.9,3.84,2.88,0.77,0.19
75,Peru,1980,24,44.5,17.2,21.4,10.7,10.1,6.9,5.44,3.74,1.36,0.34
75,Peru,1985,23.8,45.5,13,18.8,8.9,12.0,8.1,5.34,3.6,1.34,0.4
75,Peru,1990,22.4,46,11.3,17.3,7.9,14.3,9.8,5.5,3.62,1.39,0.48
77,Uruguay,1960,13.1,65,18.7,16.8,4.9,5.1,3.5,5.07,3.82,1.08,0.17
77,Uruguay,1965,14.1,70.2,25,10.3,3,5.4,3.7,4.78,3.8,0.8,0.18
77,Uruguay,1970,14.7,63,22.5,16.4,4.8,5.8,3.9,5.2,3.9,1.1,0.19
77,Uruguay,1975,9.9,66.3,29.6,17.4,5.1,6.3,4.3,5.69,4.3,1.18,0.21
77,Uruguay,1980,7.3,66.3,20.5,18.9,5.5,7.5,5.1,5.75,4.19,1.32,0.25
77,Uruguay,1985,4.7,58,14.8,29.2,8.5,8.1,5.5,6.52,4.42,1.82,0.27
77,Uruguay,1990,5.5,56.1,13.2,26.8,7.8,11.5,7.9,6.69,4.38,1.92,0.39
78,Venezuela,1960,49.1,44.1,15.7,5.3,2.2,1.5,1.0,2.53,2.2,0.28,0.05
78,Venezuela,1965,49.4,43.8,12,4.8,2,2.0,1.4,2.43,2.08,0.28,0.07
78,Venezuela,1970,47.1,39.2,9.5,11.1,4.6,2.6,1.8,2.92,2.28,0.55,0.09
78,Venezuela,1975,41.1,44,10.1,10.3,4.2,4.5,3.1,3.29,2.51,0.62,0.15
78,Venezuela,1980,23.5,47.2,10.6,22.3,9.2,7.0,4.8,4.93,3.49,1.2,0.24
78,Venezuela,1985,23.4,46.1,10.3,20.5,8.4,10.0,6.8,5.14,3.52,1.28,0.34
78,Venezuela,1990,21.2,55,12.2,12,4.9,11.8,8.0,4.89,3.45,1.05,0.4
79,Afghanistan,1960,88.5,4.3,1.4,4.1,1.5,3.1,2.2,1.06,0.6,0.35,0.11
79,Afghanistan,1965,90.1,4.1,1.5,3.3,1.3,2.5,1.7,0.89,0.52,0.29,0.08
79,Afghanistan,1970,91.2,4.1,1.7,2.7,1,2.0,1.4,0.76,0.46,0.23,0.07
79,Afghanistan,1975,91.5,4.4,2.6,2.4,1.3,1.7,1.2,0.73,0.46,0.21,0.06
79,Afghanistan,1980,89,6.8,0.3,1.1,0.4,3.0,2.1,0.79,0.46,0.23,0.1
79,Afghanistan,1985,87.9,7.6,1.9,1.9,0.7,2.7,1.9,0.88,0.56,0.24,0.09
79,Afghanistan,1990,86.1,8.5,2.7,3,1.1,2.4,1.7,1.01,0.66,0.27,0.08
80,Bahrain,1960,82,8.7,4.8,6,2.9,3.3,1.5,1.37,0.96,0.31,0.1
80,Bahrain,1965,82.1,9,6.1,6.2,3,2.7,1.3,1.36,0.99,0.29,0.08
80,Bahrain,1970,77.4,9.7,4.2,9.2,4.5,3.8,1.8,1.73,1.2,0.43,0.11
80,Bahrain,1975,70.7,11.8,4.5,14.3,7,3.2,1.5,2.19,1.54,0.55,0.09
80,Bahrain,1980,64.8,12.1,4.3,20.2,9.8,3.0,1.4,2.69,1.88,0.72,0.09
80,Bahrain,1985,55.9,17.9,6.2,22.8,11.1,3.4,1.6,3.21,2.29,0.81,0.1
80,Bahrain,1990,38.4,26.2,9.1,25.1,12.2,10.3,4.9,4.64,3.18,1.16,0.3
81,Bangladesh,1960,87,6.3,1.7,6.1,2.3,0.6,0.4,0.79,0.53,0.24,0.02
81,Bangladesh,1965,82.6,11,3,5.7,2.2,0.6,0.4,0.92,0.67,0.23,0.02
81,Bangladesh,1970,85.4,8,2.2,6,2.2,0.6,0.4,0.85,0.59,0.24,0.02
81,Bangladesh,1975,82.3,10,2.7,6.9,2.6,0.9,0.6,1.02,0.71,0.28,0.03
81,Bangladesh,1980,70.4,16.7,4.6,11.6,4.2,1.3,0.9,1.68,1.18,0.46,0.04
81,Bangladesh,1985,66.6,17.6,4.8,14.1,5.3,1.7,1.2,1.98,1.35,0.57,0.06
81,Bangladesh,1990,60.6,23.2,6.3,13.9,5.2,2.4,1.7,2.23,1.55,0.6,0.08
82,Myanmar (Burma),1960,79.6,11.6,3.2,8.4,3.1,0.4,0.3,0.97,0.65,0.31,0.01
82,Myanmar (Burma),1965,81,10.8,3,7.6,2.9,0.5,0.4,0.91,0.6,0.29,0.02
82,Myanmar (Burma),1970,78.3,13.8,3.8,7.3,2.7,0.7,0.5,0.98,0.67,0.28,0.02
82,Myanmar (Burma),1975,78.3,12.4,3.4,9.1,2.1,0.2,0.1,0.98,0.69,0.29,0.01
82,Myanmar (Burma),1980,73.1,16.5,4.5,9.8,3.7,0.6,0.4,1.22,0.84,0.37,0.02
82,Myanmar (Burma),1985,55.9,27.8,7.6,14.5,5.4,1.9,1.3,2.02,1.36,0.59,0.06
82,Myanmar (Burma),1990,51.9,31.8,8.7,13.6,5.1,2.6,1.8,2.15,1.46,0.6,0.09
83,China,1960,1.79769313486232e+308,1.79769313486232e+308,1.79769313486232e+308,1.79769313486232e+308,1.79769313486232e+308,1.1,0.9,1.79769313486232e+308,1.79769313486232e+308,1.79769313486232e+308,0.04
83,China,1965,1.79769313486232e+308,1.79769313486232e+308,1.79769313486232e+308,1.79769313486232e+308,1.79769313486232e+308,1.0,0.9,1.79769313486232e+308,1.79769313486232e+308,1.79769313486232e+308,0.04
83,China,1970,1.79769313486232e+308,1.79769313486232e+308,1.79769313486232e+308,1.79769313486232e+308,1.79769313486232e+308,1.0,0.8,1.79769313486232e+308,1.79769313486232e+308,1.79769313486232e+308,0.04
83,China,1975,48.1,29.4,11.1,21.5,8.5,1.0,0.8,3.56,2.56,0.96,0.04
83,China,1980,44.9,32.3,12.2,21.7,5.6,1.0,0.9,3.61,2.7,0.88,0.04
83,China,1985,42.7,30.7,11.6,25.6,10.1,1.1,0.9,4.04,2.87,1.13,0.04
83,China,1990,29.3,34.3,12.9,34.4,13.5,2.0,1.7,5.23,3.6,1.56,0.07
84,Hong Kong,1960,30.8,47.1,19.3,17.3,8.1,4.7,2.7,4.82,3.31,1.36,0.15
84,Hong Kong,1965,36.2,40,20.4,18.4,9.8,5.4,3.1,4.9,3.24,1.49,0.17
84,Hong Kong,1970,33.3,41.4,21.6,22.3,13.3,3.1,1.8,5.11,3.41,1.6,0.1
84,Hong Kong,1975,28.5,42.3,22.5,25.4,15.5,3.8,2.2,5.66,3.7,1.85,0.12
84,Hong Kong,1980,22.5,39.8,23.1,30.5,17.3,7.1,4.1,6.73,4.14,2.37,0.22
84,Hong Kong,1985,18.4,35.6,19.1,38.3,20.6,7.7,4.4,7.51,4.4,2.87,0.24
84,Hong Kong,1990,15.7,30.3,15.8,43.3,25.5,10.6,6.1,8.37,4.62,3.42,0.33
85,India,1960,75.5,22.1,6.3,2.6,1,0.0,0.0,1.45,1.34,0.11,0.0
85,India,1965,76,21.2,7.2,2.6,1,0.2,0.1,1.49,1.36,0.12,0.01
85,India,1970,72.2,22.7,8.2,3.9,1.5,1.1,0.8,1.9,1.63,0.23,0.04
85,India,1975,68.8,23.5,8.6,5.4,2,2.3,1.6,2.35,1.91,0.36,0.08
85,India,1980,72.5,11.3,4.2,13.7,5.1,2.5,1.7,2.72,1.92,0.71,0.08
85,India,1985,67,16.1,6,13.2,5,3.7,2.6,3.12,2.23,0.77,0.12
85,India,1990,61.8,20.1,7.5,13.5,5.1,4.6,3.2,3.55,2.56,0.84,0.16
86,Indonesia,1960,75.5,22.6,7.6,1.9,0.5,0.1,0.0,1.11,1.03,0.08,0.0
86,Indonesia,1965,72.9,24.7,10.7,2.1,0.9,0.4,0.2,1.33,1.21,0.11,0.01
86,Indonesia,1970,55.3,39.1,17,5.1,2.3,0.5,0.2,2.29,2.02,0.25,0.01
86,Indonesia,1975,52.7,40.9,16.3,5.5,2.7,0.9,0.4,2.42,2.1,0.3,0.03
86,Indonesia,1980,41.1,48.4,16.8,9.6,4.9,0.8,0.3,3.09,2.58,0.48,0.02
86,Indonesia,1985,33,56.1,25.1,10.3,5.4,0.6,0.3,3.62,3.09,0.51,0.02
86,Indonesia,1990,32,54.4,26.4,11.8,6.2,1.8,0.8,3.94,3.24,0.65,0.05
87,"Iran, I.R. of",1960,90.6,7.1,4.2,1.8,1,0.5,0.3,0.61,0.48,0.11,0.02
87,"Iran, I.R. of",1965,88.5,7.2,4.3,3.4,1.8,0.9,0.6,0.84,0.6,0.21,0.03
87,"Iran, I.R. of",1970,86.4,8.2,3.6,4.3,2.4,1.0,0.7,0.98,0.68,0.26,0.03
87,"Iran, I.R. of",1975,82,8.5,3.3,8,4.4,1.5,1.0,1.43,0.92,0.46,0.05
87,"Iran, I.R. of",1980,77.5,9.9,3.6,10.3,5.8,2.2,1.5,1.85,1.16,0.62,0.07
87,"Iran, I.R. of",1985,69.4,12.3,4.3,15.7,8.9,2.6,1.7,2.58,1.6,0.9,0.09
87,"Iran, I.R. of",1990,59.2,18.3,6.3,19.4,11.1,3.0,2.0,3.29,2.09,1.1,0.1
88,Iraq,1960,97.8,0.6,0.2,0.9,0.4,0.7,0.5,0.21,0.12,0.07,0.02
88,Iraq,1965,94.9,2.5,0.8,1.7,0.8,0.9,0.6,0.4,0.26,0.11,0.03
88,Iraq,1970,90.4,5.5,1.8,2.6,1.3,1.6,1.1,0.7,0.47,0.18,0.05
88,Iraq,1975,82.3,10.9,3.6,4.5,2.2,2.3,1.6,1.22,0.85,0.3,0.08
88,Iraq,1980,73.8,16.8,5.6,5.7,2.8,3.7,2.5,1.77,1.24,0.41,0.12
88,Iraq,1985,67.8,19.5,6.5,7.8,3.8,4.9,3.3,2.26,1.54,0.55,0.16
88,Iraq,1990,58.1,22.1,7.4,13.3,6.5,6.5,4.3,3.14,2.07,0.85,0.22
89,Israel,1960,19.1,43.1,18.1,27.9,13.6,9.9,4.7,6.99,5.47,1.23,0.29
89,Israel,1965,20.7,42.7,15.9,26.7,13,9.9,4.7,6.76,5.28,1.19,0.29
89,Israel,1970,17,37,13.1,31.3,15.3,14.8,7.0,7.65,5.69,1.52,0.44
89,Israel,1975,12,43.3,15.1,29,14.2,15.7,7.4,7.86,5.91,1.49,0.46
89,Israel,1980,9.7,30.6,10.6,36.6,17.8,23.1,10.9,9.11,6.42,2.01,0.68
89,Israel,1985,11.6,29.4,10.1,35,17.1,24.0,11.3,9.01,6.3,2,0.71
89,Israel,1990,12.8,27.7,9.5,34,16.6,25.5,12.0,9.04,6.25,2.03,0.75
90,Japan,1960,2.9,59.9,29,30.9,10.1,6.3,3.9,6.71,4.9,1.61,0.2
90,Japan,1965,2.9,53.6,25.1,36.7,12.1,6.8,4.3,7.07,4.97,1.87,0.22
90,Japan,1970,0.9,60.6,28,33,11.1,5.5,3.4,6.8,4.97,1.65,0.18
90,Japan,1975,0.8,53.8,24.8,38.1,12.9,7.3,4.6,7.29,5.08,1.97,0.24
90,Japan,1980,0.3,45.4,20.9,39.9,13.5,14.4,9.0,8.18,5.25,2.47,0.47
90,Japan,1985,0.4,41.7,19.1,41.9,14.3,16.0,10.0,8.47,5.3,2.65,0.52
90,Japan,1990,0,34.3,15.7,44.5,15.2,21.2,13.3,9.2,5.44,3.06,0.69
91,Jordan,1960,79.6,13,7.2,6.5,2.8,0.8,0.5,1.4,1.04,0.33,0.03
91,Jordan,1965,74.8,16.1,6.8,8.4,3.7,0.8,0.5,1.67,1.24,0.41,0.02
91,Jordan,1970,65.2,22.8,8.6,11.1,4.9,1.0,0.6,2.23,1.66,0.54,0.03
91,Jordan,1975,58,25.3,9,15.4,7.1,1.2,0.8,2.82,2.03,0.75,0.04
91,Jordan,1980,66.1,14.5,5.1,12.7,6.1,6.7,4.1,2.93,1.75,0.97,0.22
91,Jordan,1985,56.3,18.9,6.5,13.9,7.1,11.0,6.7,3.89,2.25,1.29,0.35
91,Jordan,1990,47.8,16.9,5.8,17.9,9.5,17.4,10.6,5.23,2.8,1.87,0.56
92,Korea,1960,56.9,29.6,26.2,10.9,5.8,2.6,1.9,3.23,2.48,0.66,0.09
92,Korea,1965,43.6,35.2,33.5,17.5,7.8,3.6,2.7,4.43,3.33,0.97,0.13
92,Korea,1970,34.5,38.1,16.1,21.8,10.1,5.6,4.1,4.76,3.27,1.29,0.19
92,Korea,1975,25.2,39.2,17.2,28.7,14.2,6.9,5.1,5.77,3.83,1.7,0.24
92,Korea,1980,19.7,34.5,17.1,36.9,18.7,8.9,6.6,6.81,4.3,2.2,0.31
92,Korea,1985,15.4,27.6,18.1,45.3,25.6,11.7,8.7,8.03,4.79,2.83,0.41
92,Korea,1990,11,21.7,20.9,53.9,35,13.4,9.9,9.25,5.32,3.47,0.47
93,Kuwait,1960,43.1,35.9,15.6,16.1,7.5,4.9,3.3,3.37,1.87,1.34,0.16
93,Kuwait,1965,49.2,35.5,13.2,11.9,5.9,3.4,2.3,2.68,1.59,0.98,0.11
93,Kuwait,1970,50.4,30.9,6.3,14.1,7.5,4.6,3.1,2.88,1.49,1.23,0.15
93,Kuwait,1975,67.3,8.8,2.5,17.3,10.2,6.6,4.4,3.03,1.18,1.63,0.22
93,Kuwait,1980,58,7.6,2.5,24.4,14.8,10.1,6.7,4.29,1.58,2.38,0.34
93,Kuwait,1985,50.3,7.2,2.4,29.7,19,12.7,8.5,5.28,1.89,2.96,0.42
93,Kuwait,1990,47,6.1,2.1,33.7,21,13.1,8.8,5.71,2.04,3.24,0.44
94,Malaysia,1960,58.5,32.7,11.5,7.2,2.4,1.5,1.3,2.34,1.85,0.44,0.06
94,Malaysia,1965,52.1,38.6,13.8,7.8,3.3,1.4,1.2,2.67,2.13,0.49,0.05
94,Malaysia,1970,46.4,42.7,15.9,9.4,4.2,1.5,1.3,3.05,2.41,0.58,0.06
94,Malaysia,1975,37.8,48,19.7,12.6,6,1.6,1.3,3.7,2.88,0.76,0.06
94,Malaysia,1980,34.3,44.4,23,19.9,9.8,1.4,1.2,4.49,3.3,1.14,0.05
94,Malaysia,1985,29.9,44.8,23,23.3,11.8,2.0,1.7,5,3.55,1.37,0.07
94,Malaysia,1990,25.6,44.5,22.8,27.1,14,2.8,2.4,5.55,3.81,1.63,0.1
95,Nepal,1960,99,0.3,0.1,0.6,0.2,0.1,0.1,0.07,0.05,0.02,0.0
95,Nepal,1965,98.5,0.1,0,1.4,0.5,0.2,0.1,0.14,0.1,0.03,0.01
95,Nepal,1970,99.6,0.1,0,0.3,0.1,0.1,0.1,0.04,0.03,0.01,0.0
95,Nepal,1975,98.4,0.6,0.2,0.6,0.2,0.4,0.3,0.12,0.08,0.02,0.01
95,Nepal,1980,90.3,4.8,1.3,3.7,1.4,1.1,0.8,0.62,0.47,0.11,0.04
95,Nepal,1985,88.7,5.7,1.6,4.2,1.6,1.5,1.0,0.74,0.56,0.13,0.05
95,Nepal,1990,84.1,8.5,2.3,5.3,2,2.1,1.5,1.01,0.77,0.17,0.07
97,Pakistan,1960,85.6,11.7,1.2,2.4,0.9,0.3,0.3,0.63,0.46,0.16,0.01
97,Pakistan,1965,83.9,11.8,6.1,3.8,1.4,0.4,0.4,0.93,0.66,0.25,0.02
97,Pakistan,1970,81.3,8,5.7,7.3,3.6,3.4,2.9,1.68,0.88,0.68,0.13
97,Pakistan,1975,80.7,8.8,4.4,7.3,2.7,3.2,2.8,1.62,0.86,0.64,0.12
97,Pakistan,1980,78.9,8.7,3.7,10.5,3.9,1.9,1.6,1.74,0.93,0.74,0.07
97,Pakistan,1985,76.3,11.4,4.5,10.3,3.9,2.0,1.8,1.82,1.01,0.73,0.08
97,Pakistan,1990,73.8,9.7,3.7,14,8.2,2.5,2.2,2.29,1.16,1.04,0.09
98,Philippines,1960,33.5,49.7,17.2,10.6,4.8,6.2,4.0,3.77,3.01,0.56,0.2
98,Philippines,1965,31.4,51.5,17.4,9.6,4.9,7.5,4.9,3.94,3.1,0.59,0.25
98,Philippines,1970,19.7,56.1,18,14.2,8.5,9.6,6.2,4.81,3.65,0.84,0.32
98,Philippines,1975,14.1,57.6,21.7,16.4,9.5,11.9,7.7,5.46,4.08,0.99,0.39
98,Philippines,1980,11.7,54.1,22.8,18.9,10.8,15.2,9.9,6.06,4.35,1.2,0.5
98,Philippines,1985,10.1,54.7,26.1,17.3,9.7,17.8,11.6,6.38,4.53,1.25,0.59
98,Philippines,1990,9.1,53.6,26.6,15.4,8.6,22.0,14.3,6.73,4.65,1.36,0.72
100,Singapore,1960,54.3,20.6,8.3,25,8.3,0.0,0.0,3.54,2.37,1.17,0.0
100,Singapore,1965,51.4,26.3,10.5,21.8,7.3,0.5,0.3,3.5,2.44,1.05,0.02
100,Singapore,1970,47.6,29.6,11.8,20.9,7,2.0,1.4,3.78,2.62,1.1,0.07
100,Singapore,1975,40.7,32.4,13,23.9,8.1,3.0,2.0,4.38,2.98,1.3,0.1
100,Singapore,1980,43.7,38.3,15.3,14.6,5,3.4,2.3,3.69,2.69,0.89,0.11
100,Singapore,1985,35.6,39.9,16,20.1,7.1,4.3,2.9,4.5,3.15,1.21,0.15
100,Singapore,1990,29.4,34.6,13.9,31.3,8.1,4.7,3.2,5.47,3.61,1.7,0.16
101,Sri Lanka,1960,32.3,46.5,6.9,20.7,7.8,0.4,0.2,3.43,2.39,1.02,0.01
101,Sri Lanka,1965,31.8,47.8,13.7,19.9,7.5,0.4,0.2,3.56,2.55,0.99,0.01
101,Sri Lanka,1970,29.5,48.2,24.7,20,7.5,2.3,1.2,4.13,2.94,1.12,0.07
101,Sri Lanka,1975,30.1,46.6,16.7,21.3,8,2.1,1.1,3.99,2.75,1.17,0.06
101,Sri Lanka,1980,15.9,48.9,18,34.1,12.8,1.1,0.6,5.18,3.43,1.72,0.03
101,Sri Lanka,1985,13.6,50.1,18.6,34.9,13.1,1.4,0.8,5.35,3.53,1.78,0.04
101,Sri Lanka,1990,15.7,46.3,17.2,36.2,13.6,1.9,1.0,5.42,3.49,1.87,0.06
102,Syria,1960,76.5,21.3,3,1.8,0.9,0.5,0.3,0.99,0.87,0.11,0.02
102,Syria,1965,72.9,23.6,6.3,2.5,1.2,1.1,0.7,1.32,1.11,0.18,0.04
102,Syria,1970,68.6,25.9,8.1,4.3,2.1,1.3,0.9,1.67,1.36,0.27,0.04
102,Syria,1975,64,27.5,9.1,5.8,2.8,2.7,1.8,2.12,1.61,0.42,0.09
102,Syria,1980,57.4,29.7,10.1,8.1,4,4.7,3.1,2.77,1.96,0.65,0.16
102,Syria,1985,51,30.5,10.4,10.8,5.2,7.7,5.2,3.54,2.34,0.94,0.26
102,Syria,1990,41.8,34.5,11.8,13.5,6.6,10.2,6.8,4.37,2.81,1.21,0.34
103,Taiwan,1960,46.6,38.2,13.7,11,4.6,4.2,2.2,3.32,2.47,0.72,0.13
103,Taiwan,1965,42.1,38.5,14.4,15.1,7,4.3,2.2,3.8,2.75,0.92,0.13
103,Taiwan,1970,37,39.4,16.5,18.1,9.2,5.4,2.7,4.39,3.09,1.14,0.16
103,Taiwan,1975,29.6,44.7,24,20,10.8,5.7,2.9,5.04,3.6,1.27,0.17
103,Taiwan,1980,23,44.4,38.1,23.3,13.3,9.3,4.7,6.37,4.43,1.66,0.28
103,Taiwan,1985,19.3,38.7,24.9,31,17.4,11.0,5.6,6.87,4.43,2.11,0.33
103,Taiwan,1990,16.4,33.7,18.9,37.7,21,12.2,6.2,7.44,4.57,2.49,0.37
104,Thailand,1960,48.1,46.4,33.9,4.9,1.6,0.6,0.6,3.45,3.2,0.23,0.02
104,Thailand,1965,44.6,49.9,19.3,4.7,1.5,0.9,0.9,3.08,2.81,0.24,0.03
104,Thailand,1970,34.1,60.4,21.4,4.4,1.5,1.1,1.1,3.54,3.25,0.24,0.04
104,Thailand,1975,29.6,64.2,17.5,4.6,1.6,1.5,1.5,3.63,3.29,0.28,0.06
104,Thailand,1980,20.5,69.7,2.4,6.8,2.3,2.9,2.9,3.77,3.2,0.45,0.12
104,Thailand,1985,21.3,67.5,22,6.1,2.4,5.0,5.0,4.68,3.92,0.56,0.2
104,Thailand,1990,22,65.3,28.7,4.7,2.1,8.0,8.0,5.18,4.18,0.68,0.32
105,United Arab Emirates,1975,72.2,5.2,1.7,16.7,8.1,6.0,4.0,2.88,1.57,1.11,0.2
107,Austria,1960,2,91.1,50.3,4.6,2,2.2,1.2,3.65,3.1,0.48,0.07
107,Austria,1965,2.9,86,47.5,8.2,3.6,2.8,1.6,3.96,3.11,0.76,0.09
107,Austria,1970,3.8,57.8,32,35.8,15.5,2.6,1.5,5.85,3.33,2.44,0.08
107,Austria,1975,4.3,55.9,30.9,36.2,15.7,3.6,2.0,6,3.33,2.56,0.11
107,Austria,1980,0,49.3,27.2,47.5,20.6,3.3,1.9,6.89,3.56,3.23,0.1
107,Austria,1985,1,45.8,25.3,47.5,20.6,5.7,3.2,7.17,3.55,3.44,0.18
107,Austria,1990,2.3,42.5,23.5,46.9,20.3,8.4,4.8,7.44,3.53,3.65,0.26
108,Belgium,1960,2,66.9,42.2,27.1,8.9,4.0,3.3,7.46,6,1.32,0.15
108,Belgium,1965,2,64.2,45.7,29.3,9.4,4.5,3.7,7.81,6.21,1.43,0.16
108,Belgium,1970,1,65.1,60.6,28.7,8.8,5.2,4.2,8.4,6.77,1.44,0.19
108,Belgium,1975,0.9,61.3,39.3,31.2,9.9,6.7,5.4,8.04,6.17,1.63,0.24
108,Belgium,1980,0.8,57.1,30.2,33.5,10.9,8.6,7.0,8.17,6.01,1.85,0.31
108,Belgium,1985,1.2,52.6,25.6,35.5,11.8,10.7,8.7,8.42,5.97,2.06,0.39
108,Belgium,1990,1.4,48.4,22.7,37,12.4,13.1,10.7,8.75,6,2.27,0.48
109,Cyprus,1960,28.9,56.8,33.8,13,6.3,1.4,0.9,4.29,3.58,0.66,0.05
109,Cyprus,1965,24.7,58.7,25.9,15.3,7.5,1.3,0.9,4.34,3.53,0.76,0.04
109,Cyprus,1970,21.5,58.5,22.3,18.8,9.2,1.2,0.8,4.58,3.62,0.91,0.04
109,Cyprus,1975,13,53,19,25,12.2,9.0,6.0,6.16,4.2,1.66,0.3
109,Cyprus,1980,13.5,51.1,17.9,27.5,13.4,7.9,5.3,6.16,4.19,1.7,0.26
109,Cyprus,1985,6,46,15.9,34,16.6,14.0,9.3,7.56,4.74,2.36,0.47
109,Cyprus,1990,6.1,40.9,14.1,39.9,19.5,13.0,8.6,7.82,4.83,2.56,0.43
110,Denmark,1960,0,50.7,28,32.9,13.2,16.3,9.3,10.07,7.98,1.58,0.51
110,Denmark,1965,0.7,49.9,27.6,33.7,14.4,15.7,8.9,10.02,7.93,1.59,0.49
110,Denmark,1970,2,48.4,26.7,34.2,15.9,15.5,8.8,9.95,7.85,1.62,0.48
110,Denmark,1975,1.7,46.5,25.7,35.9,18.8,15.8,9.0,10.13,7.91,1.73,0.5
110,Denmark,1980,1.8,45.4,25.1,35.5,21.6,17.4,9.8,10.31,7.93,1.84,0.54
110,Denmark,1985,2,44,24.3,35.4,26,18.6,10.5,10.49,7.93,1.97,0.58
110,Denmark,1990,0,38.7,21.4,41.6,38.2,19.6,11.1,11.21,8.21,2.38,0.61
111,Finland,1960,0.6,89.3,49.3,6,1.8,4.1,2.4,7.51,7.14,0.24,0.13
111,Finland,1965,0.6,84.4,46.6,10.5,3,4.5,2.6,7.73,7.25,0.34,0.14
111,Finland,1970,0.5,69.4,38.3,24,6.2,6.1,3.5,8.39,7.56,0.64,0.19
111,Finland,1975,0.9,65.4,36.1,26.5,16.3,7.2,4.2,8.69,7.6,0.86,0.23
111,Finland,1980,1.2,50,27.6,36.9,29.2,11.9,6.9,9.61,7.88,1.35,0.38
111,Finland,1985,1,54.6,30.2,30.6,20.2,13.8,8.0,9.42,7.81,1.18,0.44
111,Finland,1990,0,49.4,27.3,35.3,20,15.4,8.9,9.79,8.01,1.29,0.49
112,France,1960,0,90.6,52.6,7.5,2.8,2.1,1.1,4.65,4.06,0.53,0.06
112,France,1965,0,87.9,50.6,9.6,3.9,2.7,1.4,4.84,4.08,0.69,0.08
112,France,1970,0.5,85,47.8,11.6,4.7,3.0,1.5,4.95,4.05,0.81,0.09
112,France,1975,0.9,79.8,42,14.1,5.8,5.2,2.7,5.27,4.01,1.1,0.16
112,France,1980,1,68.3,29.3,22.2,8.2,8.5,4.4,5.96,3.98,1.73,0.26
112,France,1985,1.1,62.7,28.1,25.6,9.3,10.5,5.4,6.44,4.08,2.04,0.32
112,France,1990,1.2,57.6,26.2,28.4,10.2,12.8,6.6,6.88,4.15,2.34,0.39
113,"Germany, West",1960,1,85.6,47.3,11.5,5,1.8,1.0,7.64,7.18,0.4,0.06
113,"Germany, West",1965,0.9,80.7,44.6,16.1,7,2.4,1.4,7.93,7.29,0.56,0.07
113,"Germany, West",1970,0.8,77.1,42.6,19,8.2,3.1,1.8,8.14,7.38,0.67,0.1
113,"Germany, West",1975,0.6,78.3,43.3,15.6,6.8,5.5,3.1,8.21,7.37,0.67,0.17
113,"Germany, West",1980,0.2,75.4,41.7,17.5,7.6,6.9,3.9,8.46,7.46,0.78,0.22
113,"Germany, West",1985,1.3,71.5,39.5,19.5,8.4,7.7,4.4,8.55,7.44,0.87,0.24
113,"Germany, West",1990,2.6,64.9,35.9,22,9.5,10.4,5.9,8.83,7.46,1.05,0.33
114,Greece,1960,21,68.6,36.9,7.9,3.3,2.5,2.4,4.37,3.79,0.49,0.1
114,Greece,1965,18.2,69.4,47.6,9.7,4.4,2.7,2.6,4.95,4.26,0.58,0.11
114,Greece,1970,15.6,69.9,45.1,10.6,5.3,3.9,3.7,5.19,4.32,0.71,0.15
114,Greece,1975,14.8,67.5,48.7,12.8,7.4,5.0,4.8,5.65,4.55,0.9,0.19
114,Greece,1980,11.5,61.2,44.3,19.7,13.6,7.6,7.3,6.56,4.8,1.46,0.3
114,Greece,1985,10.6,58.1,43.4,22.6,14.4,8.7,8.3,6.89,4.92,1.63,0.34
114,Greece,1990,5.7,56.9,44.2,28.7,22,8.7,8.4,7.66,5.28,2.04,0.34
115,Hungary,1960,3.7,86.4,47.7,6.5,2.6,3.4,3.3,6.61,6.16,0.32,0.13
115,Hungary,1965,3,85.6,52.7,7.9,3.1,3.5,3.4,6.94,6.45,0.36,0.14
115,Hungary,1970,2.4,81.8,64.6,10.8,4.3,5.1,4.9,7.83,7.13,0.51,0.2
115,Hungary,1975,2.2,77.1,55.5,15,5.9,5.7,5.5,7.82,6.96,0.64,0.22
115,Hungary,1980,1.3,68.2,57,23.6,9.3,7.0,6.8,8.67,7.46,0.94,0.28
115,Hungary,1985,1.8,66.4,36.4,24.1,9.5,7.7,7.4,7.93,6.65,0.98,0.3
115,Hungary,1990,1.3,63,38.7,25.6,10.1,10.1,9.7,8.44,6.92,1.12,0.4
116,Iceland,1960,1,85.5,47.2,9.8,4.2,3.7,2.1,5.63,4.79,0.72,0.12
116,Iceland,1965,1,81.7,45.1,13.2,5.7,4.1,2.3,5.89,4.84,0.91,0.13
116,Iceland,1970,1,76.6,42.3,17.7,7.7,4.7,2.6,6.22,4.91,1.16,0.15
116,Iceland,1975,0.8,70.6,39,23.1,10,5.5,3.1,6.65,5,1.48,0.17
116,Iceland,1980,1.2,63.8,35.3,27.9,12.1,7.1,4.0,7.11,5.07,1.82,0.22
116,Iceland,1985,1.6,57.7,31.9,31.4,13.6,9.3,5.2,7.55,5.13,2.13,0.29
116,Iceland,1990,1.5,52.5,29,34.7,15,11.2,6.3,7.98,5.2,2.43,0.35
117,Ireland,1960,4.4,63.6,35.1,27.9,12.1,4.1,2.3,6.45,4.88,1.44,0.13
117,Ireland,1965,4,64.8,35.8,26.7,11.6,4.5,2.6,6.45,4.89,1.42,0.14
117,Ireland,1970,3.6,64.4,35.6,27.4,11.9,4.6,2.6,6.52,4.92,1.45,0.14
117,Ireland,1975,3.5,62.4,34.4,28.4,12.3,5.7,3.2,6.7,4.95,1.57,0.18
117,Ireland,1980,2.7,49.6,27.4,39.8,17.2,7.9,4.5,7.6,5.17,2.19,0.25
117,Ireland,1985,3.4,45.1,24.9,41.9,18.1,9.6,5.5,7.87,5.19,2.38,0.3
117,Ireland,1990,4.2,40.4,22.3,43.6,18.9,11.7,6.6,8.15,5.2,2.58,0.37
118,Italy,1960,12.5,71.4,42.6,13.9,5.2,2.1,1.2,4.56,3.65,0.85,0.07
118,Italy,1965,10.9,72.2,44.6,14.2,5.7,2.7,1.5,4.77,3.76,0.93,0.08
118,Italy,1970,7.3,72.6,48.9,17.5,7.2,2.6,1.5,5.22,4.04,1.09,0.08
118,Italy,1975,6.4,70.6,38.3,18.7,7.8,4.3,2.4,5.29,3.87,1.29,0.13
118,Italy,1980,19.3,47.4,23.3,29.2,11.2,4.1,2.3,5.32,3.43,1.76,0.13
118,Italy,1985,17.2,45.9,21.6,30.2,11.2,6.7,3.8,5.75,3.54,2.01,0.21
118,Italy,1990,15.3,44.1,20.4,31.7,11.5,8.9,5.1,6.16,3.64,2.24,0.28
120,Malta,1960,22,58,21.6,17.7,8.6,2.4,1.6,5.64,4.79,0.78,0.08
120,Malta,1965,22.9,58.2,11.7,16.6,8.1,2.4,1.6,5.13,4.32,0.74,0.08
120,Malta,1970,23.4,57.4,16.6,16.4,8,2.8,1.8,5.33,4.49,0.75,0.09
120,Malta,1975,23.5,56.5,18.2,16.7,8.1,3.2,2.2,5.48,4.59,0.78,0.11
120,Malta,1980,23.1,52.5,17.6,20.9,10.2,3.5,2.3,5.82,4.75,0.95,0.12
120,Malta,1985,21.6,47.6,16.2,27.5,13.4,3.4,2.3,6.32,5.02,1.19,0.11
120,Malta,1990,20.9,44.4,15.2,31,15.1,3.7,2.4,6.62,5.16,1.34,0.12
121,Netherlands,1960,2,85.6,47.3,11.1,3,1.3,0.7,5.27,4.73,0.5,0.04
121,Netherlands,1965,1.8,81.7,45.1,13.7,4.3,2.7,1.5,5.58,4.79,0.7,0.09
121,Netherlands,1970,1.9,45.1,24.9,45.8,9.1,7.2,4.1,7.58,5.28,2.08,0.23
121,Netherlands,1975,2.3,44.3,24.4,44.4,10.7,9.1,5.1,7.75,5.27,2.2,0.28
121,Netherlands,1980,2.7,41.8,23.1,44.3,12.1,11.3,6.4,8,5.28,2.37,0.35
121,Netherlands,1985,3.2,38.1,21.1,44.9,13.2,13.8,7.8,8.29,5.29,2.57,0.43
121,Netherlands,1990,4,34.4,19,45.5,14,16.1,9.1,8.56,5.3,2.75,0.51
122,Norway,1960,2,81.9,45.2,14.2,6.1,1.9,0.8,5.56,4.78,0.72,0.05
122,Norway,1965,4.8,76.9,42.5,16,6.9,2.4,1.1,5.58,4.68,0.83,0.07
122,Norway,1970,0.6,71.3,39.4,20.7,9,7.4,3.3,6.55,5.01,1.33,0.21
122,Norway,1975,1.8,65.9,36.4,23.2,10,9.1,4.0,6.81,5.01,1.54,0.26
122,Norway,1980,1.8,60,33.1,26.2,11.3,11.9,5.3,7.26,5.08,1.84,0.34
122,Norway,1985,2.9,54.2,29.9,29.4,12.7,13.5,6.0,7.56,5.1,2.07,0.39
122,Norway,1990,2.6,49.8,27.5,32.2,13.9,15.4,6.9,7.93,5.18,2.31,0.45
123,Poland,1960,8.6,71.7,38,16.6,9.3,3.2,2.8,6.74,5.97,0.65,0.12
123,Poland,1965,7.5,67.4,37.5,21.5,8.5,3.7,3.2,7.09,6.21,0.75,0.14
123,Poland,1970,5.2,68.7,43.2,20.7,8.2,5.4,4.7,7.56,6.56,0.79,0.2
123,Poland,1975,5.6,66.6,46.1,21.2,8.3,6.7,5.8,7.84,6.74,0.86,0.25
123,Poland,1980,2.8,57.6,44.9,33.9,13.3,5.7,4.9,8.65,7.27,1.17,0.21
123,Poland,1985,3.1,54.9,40.3,34.5,13.6,7.5,6.4,8.7,7.16,1.26,0.28
123,Poland,1990,1.5,42.8,37.2,47.8,18.8,7.9,6.8,9.6,7.66,1.65,0.29
124,Portugal,1960,45.1,50.4,21.6,3.5,1.5,1.1,0.5,1.94,1.62,0.28,0.03
124,Portugal,1965,45.6,49.6,33.8,3.4,1.5,1.4,0.7,2.2,1.86,0.3,0.04
124,Portugal,1970,44.2,47.3,30,6.8,2.9,1.6,0.8,2.44,1.88,0.51,0.05
124,Portugal,1975,38.7,51.2,26.9,7.7,3.3,2.4,1.1,2.66,1.97,0.62,0.07
124,Portugal,1980,27.5,58.5,28.4,10.6,4.6,3.5,1.7,3.27,2.3,0.87,0.1
124,Portugal,1985,26.2,58,27.2,11.4,4.9,4.5,2.1,3.45,2.34,0.98,0.13
124,Portugal,1990,24.4,58.7,27.2,11.4,4.9,5.5,2.6,3.61,2.39,1.05,0.16
125,Spain,1960,24.5,67.1,41.5,5,2,3.4,1.9,3.8,3.13,0.56,0.11
125,Spain,1965,27.2,64.1,43.3,5.2,2.2,3.5,2.0,3.81,3.12,0.58,0.11
125,Spain,1970,12.9,77.6,64.7,5.8,2.6,3.7,2.1,4.78,4.03,0.63,0.12
125,Spain,1975,13.6,74.8,48.2,7.2,3.2,4.3,2.5,4.56,3.65,0.77,0.14
125,Spain,1980,10,69.6,41.7,13.3,5.7,7.1,4.0,5.38,3.8,1.35,0.22
125,Spain,1985,5.2,70.2,29.9,17.6,8.7,7.0,4.0,5.58,3.73,1.63,0.22
125,Spain,1990,4.5,64.4,28.7,21.3,9.6,9.8,5.6,6.25,3.88,2.06,0.31
126,Sweden,1960,0.1,58.5,30.6,33.9,18.4,7.5,4.3,7.67,5.16,2.28,0.23
126,Sweden,1965,0.5,57.3,24,34.6,22,7.7,4.3,7.67,4.97,2.45,0.24
126,Sweden,1970,1,55.6,7.5,35,27.1,8.3,4.7,7.47,4.49,2.71,0.26
126,Sweden,1975,1.6,51.8,17.3,34.3,32.2,12.3,7.0,8.43,4.87,3.18,0.39
126,Sweden,1980,2.1,39.5,16.2,43,35.7,15.4,8.7,9.45,5.17,3.8,0.48
126,Sweden,1985,2.6,37.5,16.5,43,29.5,16.9,9.6,9.39,5.21,3.65,0.53
126,Sweden,1990,2.4,35.4,16,43.9,25.7,18.4,10.4,9.48,5.28,3.63,0.58
127,Switzerland,1960,0.2,68.6,37.9,21.8,9.5,9.4,5.3,6.87,5.07,1.5,0.29
127,Switzerland,1965,0.2,68.8,38,21.9,10.6,9.1,5.1,6.87,5.07,1.52,0.28
127,Switzerland,1970,5.1,65,35.9,20.9,11.4,9.0,5.1,6.61,4.82,1.51,0.28
127,Switzerland,1975,4.4,65.4,36.1,21.1,13.5,9.1,5.2,6.72,4.86,1.58,0.29
127,Switzerland,1980,3,31.7,17.5,54.3,42.5,11.0,6.2,9.3,5.39,3.56,0.34
127,Switzerland,1985,5.1,30.2,16.7,52.9,34.5,11.8,6.7,8.99,5.29,3.33,0.37
127,Switzerland,1990,6.3,28.5,15.7,52.3,29.3,12.9,7.3,8.87,5.24,3.22,0.4
128,Turkey,1960,58.5,34.5,20.9,6.3,2.7,0.7,0.4,2.07,1.73,0.31,0.02
128,Turkey,1965,59.9,32.9,21,5.9,2.6,1.1,0.6,2.05,1.7,0.32,0.03
128,Turkey,1970,60.9,31.5,16.6,6,2.6,1.6,0.9,1.99,1.59,0.36,0.05
128,Turkey,1975,59,31.9,15.5,7.3,3.2,1.8,1.0,2.12,1.64,0.42,0.06
128,Turkey,1980,52.4,35.3,16.6,8.7,3.8,3.6,2.0,2.61,1.91,0.59,0.11
128,Turkey,1985,46.2,39.5,18.3,10.2,4.4,4.1,2.3,2.97,2.16,0.69,0.13
128,Turkey,1990,41.5,41.4,19.1,11.9,5.2,5.1,2.9,3.35,2.37,0.82,0.16
129,United Kingdom,1960,2,71.7,67.1,24.5,2.3,1.8,1.0,7.67,6.7,0.91,0.06
129,United Kingdom,1965,1.8,69.2,44.5,26.5,4.5,2.5,1.4,7.17,6.01,1.08,0.08
129,United Kingdom,1970,1.6,61.6,32.7,28.9,6.4,7.9,4.5,7.66,5.88,1.53,0.25
129,United Kingdom,1975,3,55,26.7,31,8,11.0,6.2,7.98,5.8,1.83,0.34
129,United Kingdom,1980,4.1,51.2,24,32.9,9.3,11.8,6.7,8.11,5.76,1.97,0.37
129,United Kingdom,1985,3.9,47.7,22.1,35.7,10.7,12.8,7.2,8.39,5.83,2.16,0.4
129,United Kingdom,1990,3.6,43.9,20.2,38.5,12.1,13.9,7.9,8.7,5.92,2.35,0.44
130,Yugoslavia,1960,27.5,62.5,34.8,8.3,3.3,1.7,1.5,5.06,4.69,0.3,0.06
130,Yugoslavia,1965,30.4,59.1,29.7,7.8,3.1,2.8,2.4,4.83,4.4,0.33,0.1
130,Yugoslavia,1970,23.9,56.9,18.5,15.3,6,3.9,3.4,5.28,4.55,0.58,0.15
130,Yugoslavia,1975,22.4,56.2,19.7,15.8,6.2,5.5,4.8,5.61,4.75,0.66,0.21
130,Yugoslavia,1980,15.8,53.9,19.4,23.4,9.2,6.8,5.9,6.53,5.35,0.92,0.25
130,Yugoslavia,1985,16.6,47.7,17.4,26.8,10.6,8.8,7.6,6.88,5.46,1.1,0.33
130,Yugoslavia,1990,17.2,42.2,15.4,30.7,12.1,10.0,8.6,7.19,5.56,1.26,0.37
131,Australia,1960,0,36.6,20.2,59.8,25.9,3.6,2.0,9.03,6.43,2.49,0.11
131,Australia,1965,1,37.1,20.5,57.2,24.8,4.7,2.7,8.94,6.35,2.45,0.15
131,Australia,1970,0.9,29.3,16.2,48.3,20.9,21.5,12.2,10.09,6.48,2.94,0.67
131,Australia,1975,3.6,28.7,15.8,47,20.4,20.8,11.8,9.81,6.3,2.86,0.65
131,Australia,1980,1,30.3,16.7,47.5,20.6,21.2,12.0,10.02,6.46,2.9,0.67
131,Australia,1985,2.1,27.7,15.3,48.4,20.9,21.8,12.4,10.06,6.42,2.96,0.68
131,Australia,1990,2.4,26.6,14.7,48.4,20.9,22.6,12.8,10.12,6.42,3,0.71
132,Fiji,1960,20.9,64.7,18.8,8,2.7,6.4,4.3,5.18,4.49,0.47,0.22
132,Fiji,1965,23.1,63.8,12,8.1,2.8,5.0,3.4,4.67,4.08,0.42,0.17
132,Fiji,1970,24.9,62.1,23.5,9.1,3.2,3.9,2.7,5,4.47,0.4,0.13
132,Fiji,1975,19.7,66.3,20.5,10.6,3.9,3.3,2.2,5.12,4.58,0.42,0.11
132,Fiji,1980,15.3,64.2,26.8,17.3,7.2,3.2,2.2,6.01,5.28,0.62,0.11
132,Fiji,1985,10.9,59.8,23.9,24.9,11.4,4.5,3.1,6.76,5.7,0.91,0.15
132,Fiji,1990,8.6,54.1,25.3,33,15.9,4.3,2.9,7.45,6.16,1.15,0.14
133,New Zealand,1960,0,38.3,21.2,57.9,19.9,3.7,1.4,9.55,7.31,2.13,0.1
133,New Zealand,1965,0.9,39.9,22,54.3,18.6,4.9,1.9,9.42,7.21,2.07,0.14
133,New Zealand,1970,3.9,35.3,19.5,54.7,18.6,6.1,2.4,9.37,7.06,2.14,0.17
133,New Zealand,1975,1,21.8,12,57.1,19.3,20.1,7.7,11,7.53,2.92,0.56
133,New Zealand,1980,1.2,12,6.7,56.2,18.8,30.6,11.8,11.94,7.69,3.4,0.85
133,New Zealand,1985,1,13.3,7.4,55.3,18.3,30.3,11.7,11.88,7.68,3.36,0.84
133,New Zealand,1990,0,36.8,20.3,24.1,7.8,39.1,15.1,11.18,7.34,2.75,1.08
134,Papua New Guinea,1960,79.3,14.7,4.5,6,1.6,0.0,0.0,1.13,0.94,0.19,0.0
134,Papua New Guinea,1965,80,15.1,3.6,4.9,1.2,0.0,0.0,1.01,0.85,0.15,0.0
134,Papua New Guinea,1970,85.7,12,0.5,2.3,0.4,0.0,0.0,0.58,0.51,0.07,0.0
134,Papua New Guinea,1975,82.4,13.6,5.5,4,0.5,0.0,0.0,0.92,0.81,0.11,0.0
134,Papua New Guinea,1980,82.6,13.2,5,4.1,0.2,0.2,0.1,0.92,0.8,0.11,0.01
134,Papua New Guinea,1985,75.9,18.7,8.6,4.9,0.9,0.5,0.3,1.33,1.14,0.17,0.02
134,Papua New Guinea,1990,69.6,24.1,11.8,5.5,1.6,0.7,0.5,1.69,1.45,0.22,0.02
140,Libya,1960,82.4,16.7,5.5,1,0.3,0.0,0.0,0.77,0.73,0.04,0.0
140,Libya,1965,84,14.5,1.3,1.3,0.4,0.2,0.1,0.63,0.56,0.06,0.01
140,Libya,1970,83.7,13.5,5.3,2.2,1.1,0.6,0.4,0.89,0.73,0.14,0.02
140,Libya,1975,72.7,22.3,3.5,4,2.1,1.0,0.7,1.35,1.07,0.24,0.03
140,Libya,1980,66.3,26,12.5,5.5,3.1,2.1,1.4,2.07,1.61,0.39,0.07
140,Libya,1985,59.7,23.9,8.5,13.7,8.5,2.7,1.8,2.87,1.96,0.83,0.09
140,Libya,1990,48.5,27.4,9.5,19.9,12.1,4.2,2.8,3.9,2.55,1.21,0.14
141,Namibia,1960,1.79769313486232e+308,1.79769313486232e+308,1.79769313486232e+308,1.79769313486232e+308,1.79769313486232e+308,2.1,1.6,1.79769313486232e+308,1.79769313486232e+308,1.79769313486232e+308,0.07
142,Reunion,1960,55.3,35.8,9.9,8.3,2.6,0.6,0.5,2.06,1.59,0.45,0.02
142,Reunion,1965,46.5,45.4,12.4,7.6,2.6,0.5,0.4,2.28,1.85,0.42,0.02
142,Reunion,1970,46.1,46.2,10.7,7,1.9,0.7,0.5,2.21,1.81,0.38,0.02
142,Reunion,1975,43.5,45.8,9.8,9.8,2.1,0.9,0.7,2.47,1.93,0.52,0.03
142,Reunion,1980,39.6,45.5,9.5,13.8,2.4,1.1,0.9,2.86,2.12,0.7,0.04
142,Reunion,1985,35.8,42.3,8.7,20.4,3.1,1.4,1.1,3.43,2.37,1.01,0.05
150,Bulgaria,1960,17.9,67.2,38.8,11,4.3,3.9,3.4,6.05,5.44,0.46,0.15
150,Bulgaria,1965,17.4,62.7,36.4,14.6,5.8,5.2,4.5,6.36,5.55,0.62,0.19
150,Bulgaria,1970,16.4,60.9,35.5,17.2,6.8,5.6,4.8,6.58,5.67,0.7,0.21
150,Bulgaria,1975,15.2,59.2,35,18.9,7.4,6.7,5.7,6.85,5.81,0.79,0.25
150,Bulgaria,1980,13.5,56.3,34.3,22.2,8.7,8.1,7.0,7.28,6.04,0.94,0.3
150,Bulgaria,1985,12.1,53.2,35.2,25.9,10.2,8.9,7.7,7.73,6.32,1.08,0.33
150,Bulgaria,1990,4.7,44.4,31.9,35.7,14.1,15.0,12.9,9.26,7.11,1.6,0.56
151,Czechoslovakia,1960,0.8,83.1,31.3,13.7,6.8,2.4,2.1,7.19,6.6,0.51,0.09
151,Czechoslovakia,1965,2.3,80.6,30.4,13.8,5.4,3.3,2.8,7.17,6.53,0.52,0.12
151,Czechoslovakia,1970,0.6,57.2,21.6,38.2,15,4.1,3.5,8.73,7.35,1.23,0.15
151,Czechoslovakia,1975,2,56.4,21.3,36.7,14.4,4.9,4.2,8.64,7.24,1.22,0.18
151,Czechoslovakia,1980,0.4,47.6,17.9,45.9,18.1,6.0,5.2,9.36,7.62,1.52,0.22
151,Czechoslovakia,1985,1.2,47.9,18.1,43.5,17.1,7.4,6.4,9.33,7.55,1.51,0.27
151,Czechoslovakia,1990,0.3,32.6,12.3,58.6,23.1,8.5,7.3,10.35,8.06,1.97,0.32
152,"Germany, East",1960,0.6,43.4,16.4,48.5,19.1,7.4,6.4,8.8,6.87,1.65,0.28
152,"Germany, East",1965,0.6,47,17.7,43.9,17.3,8.5,7.3,8.66,6.78,1.56,0.31
152,"Germany, East",1970,0.5,48.6,18.3,42.4,16.7,8.5,7.3,8.59,6.75,1.52,0.32
152,"Germany, East",1975,0.5,47.9,18.1,41,16.2,10.6,9.2,8.73,6.77,1.57,0.4
152,"Germany, East",1980,0.5,29.6,11.2,52.6,20.7,17.3,14.9,10.03,7.22,2.16,0.64
152,"Germany, East",1985,2.9,25.1,9.5,52.8,20.8,19.2,16.6,10.1,7.15,2.24,0.72
152,"Germany, East",1990,4.8,21.2,8,53.1,20.9,20.8,18.0,10.17,7.08,2.31,0.78
153,Romania,1960,18.1,62.8,15.5,16.7,6.6,2.4,2.1,5.32,4.66,0.56,0.09
153,Romania,1965,15,66.8,21.4,15.5,6.1,2.7,2.3,5.63,4.98,0.54,0.1
153,Romania,1970,17.5,64.2,22.4,14.8,5.8,3.5,3.0,5.61,4.93,0.55,0.13
153,Romania,1975,17.5,38.1,13.7,39.8,15.7,4.6,4.0,7.09,5.63,1.29,0.17
153,Romania,1980,16.9,39.9,14.5,37.9,14.9,5.2,4.5,7.09,5.63,1.27,0.19
153,Romania,1985,15.4,40.4,14.8,38.2,15,6.0,5.1,7.26,5.74,1.3,0.22
153,Romania,1990,5.4,24.4,8.9,63.2,24.9,6.9,6.0,9.24,6.94,2.04,0.26
154,U.S.S.R.,1960,1.5,68.8,35.4,25.6,10.1,4.2,3.6,7.59,6.55,0.88,0.16
154,U.S.S.R.,1965,1.5,58.2,30,35,13.8,5.3,4.6,8.14,6.75,1.19,0.2
154,U.S.S.R.,1970,0.5,47.9,24.8,44.4,17.5,7.2,6.2,8.83,7.03,1.53,0.27
154,U.S.S.R.,1975,1.4,45.9,23.9,43.4,17.1,9.3,8.1,8.94,7.01,1.58,0.35
154,U.S.S.R.,1980,1.6,45.8,24.4,43.5,17.1,9.1,7.9,8.93,7.02,1.58,0.34
154,U.S.S.R.,1985,1.4,40.1,22.7,47.6,18.7,10.9,9.4,9.36,7.19,1.76,0.41
154,U.S.S.R.,1990,0,22.8,14.9,63.3,24.9,13.9,12.0,10.52,7.68,2.32,0.52
155,Cuba,1960,28.7,65.4,37.9,4,1.6,1.9,1.4,3.8,3.45,0.28,0.07
155,Cuba,1965,32.6,60.7,35.1,4.6,1.8,2.1,1.6,3.67,3.28,0.32,0.07
155,Cuba,1970,10.5,81.5,46.9,5.6,2.2,2.4,1.8,4.79,4.33,0.38,0.08
155,Cuba,1975,14.3,76.5,43.6,6.5,2.5,2.8,2.1,4.69,4.16,0.44,0.1
155,Cuba,1980,9.4,58.2,28.8,27.9,11,4.5,3.4,6.15,4.55,1.44,0.16
155,Cuba,1985,8.1,59.5,24.8,25.8,10.2,6.6,5.0,6.18,4.47,1.47,0.23
155,Cuba,1990,6.6,56.6,21.9,27.1,10.7,9.6,7.3,6.61,4.56,1.71,0.34
