"SHCODE","YEAR","N0M15","PRIM15","PRICM15","SECM15","SECCM15","HIGHM15","HIGHCM15","TYRM15","PYRM15","SYRM15","HYRM15"
1,1960,76,20.4,5.9,3.1,0.6,0.4,0.3,1.14,1,0.12,0.01
1,1965,82.6,11.3,3.6,5.2,1.8,0.7,0.3,1.06,0.8,0.24,0.02
1,1970,58.2,30.9,10.4,10.2,3.6,0.6,0,2.32,1.88,0.42,0.01
1,1975,51.2,35.7,12.2,11.9,3.8,1.3,0.3,2.78,2.23,0.52,0.03
1,1980,42.4,39.8,13.6,15.1,4.3,2.6,0.7,3.44,2.67,0.7,0.07
1,1985,34.7,39.9,13.7,21.1,5.6,4.3,1.4,4.25,3.13,1,0.11
1,1990,28.7,38.7,13.3,26.2,8,6.5,2.3,5.07,3.52,1.38,0.18
3,1960,1.79769313486232e+308,1.79769313486232e+308,1.79769313486232e+308,0.6,0,0.6,0.5,1.79769313486232e+308,1.79769313486232e+308,0.05,0.02
3,1965,1.79769313486232e+308,1.79769313486232e+308,1.79769313486232e+308,1.2,0.1,0.5,0.4,1.79769313486232e+308,1.79769313486232e+308,0.07,0.02
3,1970,87.8,9.8,2.2,2.3,0.3,0,0,0.65,0.58,0.08,0
3,1975,83.3,12.3,2.7,4.2,0.6,0.1,0,0.98,0.82,0.15,0
3,1980,76.5,15.1,3.2,7.9,2.5,0.5,0.1,1.58,1.22,0.34,0.01
3,1985,67.5,22.2,4.7,9.1,1.7,1.1,0.3,2.08,1.66,0.39,0.03
3,1990,60.5,28,5.8,9.8,1.7,1.7,0.7,2.48,1.99,0.45,0.05
4,1960,71.3,24.6,14.3,3.9,0.9,0.3,0.2,1.81,1.65,0.15,0.01
4,1965,69.9,26.2,11.7,3.6,0.8,0.2,0.2,1.73,1.59,0.13,0.01
4,1970,66,27.8,7.1,5.3,1.1,0.7,0.6,1.89,1.65,0.22,0.03
4,1975,61.6,31.5,16.1,6.2,1.4,0.7,0.4,2.42,2.15,0.25,0.02
4,1980,50.3,39.4,14.3,9.9,3,0.6,0.3,3.02,2.62,0.39,0.02
4,1985,46.5,41.3,17.1,11.2,2.1,1.1,0.4,3.37,2.9,0.43,0.03
4,1990,40.2,43.5,19.6,14.8,2.1,1.5,0.7,3.95,3.35,0.56,0.04
7,1960,58.3,27.4,5.8,14.5,3.8,0,0,2.56,1.87,0.7,0
7,1965,55.5,31.5,6.6,13,3.3,0.1,0,2.56,1.93,0.63,0
7,1970,50.4,37.4,7.7,12,2.9,0.2,0.1,2.68,2.09,0.58,0.01
7,1975,46.3,41,8.3,12.3,2.6,0.5,0.1,2.86,2.25,0.6,0.01
7,1980,42.4,43.8,8.7,13.1,2.6,0.8,0.3,3.09,2.41,0.66,0.02
7,1985,37.8,46.9,9.2,13.9,2.7,1.3,0.4,3.37,2.6,0.73,0.04
7,1990,33.5,49.4,9.6,16,3,1.1,0.7,3.64,2.8,0.81,0.04
9,1960,85.8,7.5,1.7,6.5,1.7,0.3,0.2,1.02,0.68,0.33,0.01
9,1965,82.8,11,2.5,6,1.5,0.2,0.2,1.08,0.77,0.3,0.01
9,1970,76.7,17.1,3.7,6,1.4,0.2,0.1,1.3,1,0.29,0.01
9,1975,68.7,24.5,5.3,6.6,1.3,0.3,0.1,1.64,1.3,0.32,0.01
9,1980,63.4,28.2,5.9,7.9,1.4,0.5,0.2,1.93,1.53,0.39,0.01
9,1985,57.1,33.7,7,8.5,1.7,0.7,0.3,2.23,1.77,0.44,0.02
9,1990,51.1,39.1,8,8.8,1.8,1,0.5,2.5,2,0.47,0.03
12,1960,1.79769313486232e+308,1.79769313486232e+308,1.79769313486232e+308,1.79769313486232e+308,1.79769313486232e+308,3.8,2.9,1.79769313486232e+308,1.79769313486232e+308,1.79769313486232e+308,0.13
12,1965,1.79769313486232e+308,1.79769313486232e+308,1.79769313486232e+308,1.79769313486232e+308,1.79769313486232e+308,3.3,2.4,1.79769313486232e+308,1.79769313486232e+308,1.79769313486232e+308,0.11
12,1970,1.79769313486232e+308,1.79769313486232e+308,1.79769313486232e+308,1.79769313486232e+308,1.79769313486232e+308,3.3,2.2,1.79769313486232e+308,1.79769313486232e+308,1.79769313486232e+308,0.11
12,1975,1.79769313486232e+308,1.79769313486232e+308,1.79769313486232e+308,1.79769313486232e+308,1.79769313486232e+308,3.2,1.9,1.79769313486232e+308,1.79769313486232e+308,1.79769313486232e+308,0.1
12,1980,1.79769313486232e+308,1.79769313486232e+308,1.79769313486232e+308,1.79769313486232e+308,1.79769313486232e+308,2.8,1,1.79769313486232e+308,1.79769313486232e+308,1.79769313486232e+308,0.08
12,1985,30.3,24.2,6.6,41.4,8.8,4.2,1.8,5.99,3.66,2.21,0.12
12,1990,33.5,23.1,6.3,38.7,8.8,4.8,2.7,5.79,3.49,2.15,0.15
13,1960,1.79769313486232e+308,1.79769313486232e+308,1.79769313486232e+308,1.79769313486232e+308,1.79769313486232e+308,1.2,0.2,1.79769313486232e+308,1.79769313486232e+308,1.79769313486232e+308,0.03
13,1965,1.79769313486232e+308,1.79769313486232e+308,1.79769313486232e+308,1.79769313486232e+308,1.79769313486232e+308,2.3,0.5,1.79769313486232e+308,1.79769313486232e+308,1.79769313486232e+308,0.06
13,1970,1.79769313486232e+308,1.79769313486232e+308,1.79769313486232e+308,1.79769313486232e+308,1.79769313486232e+308,3.2,0.7,1.79769313486232e+308,1.79769313486232e+308,1.79769313486232e+308,0.08
13,1975,70.5,15.1,4.7,10.5,1,4.1,0.7,2.16,1.47,0.59,0.1
13,1980,60.3,18.9,5.9,13.5,2.4,7.3,3,3.11,1.99,0.91,0.21
13,1985,42.4,21.8,6.8,30.2,10.4,5.6,0.6,4.69,3.01,1.56,0.12
13,1990,37.2,21.5,6.6,32.9,10.9,8.5,4.3,5.4,3.32,1.82,0.25
16,1960,1.79769313486232e+308,1.79769313486232e+308,1.79769313486232e+308,6.9,1.6,0.4,0.3,1.79769313486232e+308,1.79769313486232e+308,0.4,0.01
16,1965,1.79769313486232e+308,1.79769313486232e+308,1.79769313486232e+308,7.3,1.5,0.3,0.3,1.79769313486232e+308,1.79769313486232e+308,0.42,0.01
16,1970,1.79769313486232e+308,1.79769313486232e+308,1.79769313486232e+308,7.7,1.7,0.3,0.2,1.79769313486232e+308,1.79769313486232e+308,0.44,0.01
16,1975,88.5,3.1,1.5,8.2,1.8,0.2,0.2,1.12,0.65,0.46,0.01
16,1980,85.5,5.2,1.8,9.2,1.6,0.2,0.2,1.28,0.77,0.51,0.01
16,1985,76.8,11.3,3.8,11.7,1.5,0.2,0.1,1.8,1.17,0.63,0.01
16,1990,66.4,19.8,6.7,13.7,1.7,0.1,0.1,2.36,1.63,0.73,0.01
17,1960,69.4,27,5.8,2.8,0.5,1,0.8,1.46,1.21,0.21,0.04
17,1965,67.3,26.7,5.6,5,0.5,1,0.7,1.66,1.33,0.3,0.03
17,1970,53.5,7.8,1.4,38.1,7.6,0.6,0.3,4.49,2.6,1.88,0.02
17,1975,48.1,12.3,2.3,38.8,5.9,0.8,0.4,4.68,2.81,1.85,0.02
17,1980,42.3,17.5,3.2,39.2,5.1,1,0.5,4.91,3.03,1.85,0.03
17,1985,37.5,20.5,3.7,40.8,4.6,1.2,0.6,5.19,3.24,1.91,0.04
17,1990,35.8,21.8,3.9,41,4.3,1.3,0.7,5.27,3.31,1.92,0.04
19,1960,1.79769313486232e+308,1.79769313486232e+308,1.79769313486232e+308,0.1,0,0.2,0.2,1.79769313486232e+308,1.79769313486232e+308,0.02,0.01
19,1965,1.79769313486232e+308,1.79769313486232e+308,1.79769313486232e+308,0.1,0,0.2,0.1,1.79769313486232e+308,1.79769313486232e+308,0.02,0.01
19,1970,1.79769313486232e+308,1.79769313486232e+308,1.79769313486232e+308,0.1,0,0.1,0.1,1.79769313486232e+308,1.79769313486232e+308,0.02,0.01
19,1975,1.79769313486232e+308,1.79769313486232e+308,1.79769313486232e+308,0.4,0.1,0.1,0.1,1.79769313486232e+308,1.79769313486232e+308,0.03,0
19,1980,91.1,8,0.5,0.8,0.2,0.1,0.1,0.26,0.21,0.05,0
19,1985,79.3,18.5,1.9,2.1,0.5,0.1,0.1,0.62,0.5,0.12,0
19,1990,70.5,27.6,2.8,1.8,0.4,0.1,0.1,0.79,0.68,0.1,0
21,1960,59.3,37,14,3.3,0.6,0.4,0.3,2.22,2.04,0.17,0.01
21,1965,56.3,39.9,16.1,3.4,0.4,0.4,0.2,2.4,2.22,0.17,0.01
21,1970,53.1,38.7,19.7,7.6,0.5,0.5,0.2,2.98,2.62,0.35,0.02
21,1975,50.5,40.1,15.7,8.7,0.6,0.6,0.3,3.03,2.61,0.4,0.02
21,1980,33.1,47,17.5,19.1,1.6,0.7,0.4,4.51,3.65,0.84,0.02
21,1985,28.6,58.6,21.6,11.9,0.8,0.9,0.5,4.28,3.71,0.55,0.03
21,1990,27.9,56.1,21.4,14.7,1,1.3,0.6,4.55,3.83,0.68,0.04
22,1960,40.3,57.6,14.9,2,0.5,0.1,0,2.76,2.68,0.07,0
22,1965,43.3,54.4,12.5,2.1,0.4,0.2,0.1,2.59,2.5,0.08,0
22,1970,44.5,53,7.9,2.3,0.5,0.2,0.1,2.41,2.31,0.09,0.01
22,1975,36.4,53.3,9,10.4,2.5,0.1,0,2.95,2.58,0.37,0
22,1980,38.4,51.2,1.3,10.1,2.3,0.2,0,2.93,2.56,0.36,0.01
22,1985,39.9,49.9,3.1,9.8,2.2,0.4,0.2,2.93,2.56,0.36,0.01
22,1990,39.7,48.3,3.5,11.5,2.1,0.5,0.3,3.08,2.65,0.41,0.02
23,1960,83.5,12.3,6.1,2.9,0.8,1.3,0.8,1.03,0.8,0.19,0.04
23,1965,79.6,15.8,5.9,3.4,0.8,1.2,0.8,1.16,0.92,0.2,0.04
23,1970,74.4,19.4,7.2,5,1.1,1.2,0.7,1.46,1.17,0.25,0.04
23,1975,70.4,12,3.4,15.7,6.7,1.8,1,2.35,1.51,0.78,0.06
23,1980,62.3,17.9,5.4,17.8,4.8,2,1.1,2.75,1.89,0.8,0.06
23,1985,53.8,26.4,8.1,17.6,4.3,2.2,1.2,3.09,2.23,0.79,0.07
23,1990,53.8,27.7,8.4,15.8,3.4,2.7,1.3,3.02,2.2,0.74,0.08
25,1960,52,46.6,17.9,1.3,0.3,0,0,2.73,2.69,0.04,0
25,1965,48.8,49.8,18,1.3,0.3,0,0,2.86,2.82,0.04,0
25,1970,50.8,47.7,14.6,1.3,0.3,0.1,0,2.66,2.61,0.05,0
25,1975,35.8,59.3,9.8,4.7,1.8,0.3,0.1,3.34,3.16,0.18,0.01
25,1980,38.9,56.5,21.6,4.2,1.5,0.4,0.2,3.66,3.49,0.16,0.01
25,1985,33.9,58.1,14.3,7.5,3.2,0.6,0.5,3.87,3.55,0.3,0.02
25,1990,36.9,56.2,8.3,6.3,2.1,0.7,0.5,3.41,3.14,0.24,0.02
26,1960,92.2,7.4,2.7,0.1,0,0.3,0.3,0.52,0.49,0.01,0.01
26,1965,91.6,8,2.7,0.1,0,0.3,0.2,0.54,0.52,0.01,0.01
26,1970,88.3,11.1,3.3,0.1,0,0.3,0.2,0.7,0.68,0.01,0.01
26,1975,86.8,11.2,3.3,1.6,0.2,0.4,0.2,0.88,0.83,0.04,0.01
26,1980,84.5,12.2,3.2,2.9,0.3,0.4,0.3,1.06,0.99,0.06,0.01
26,1985,83.1,13,3.8,3.3,0.5,0.6,0.3,1.2,1.11,0.08,0.02
26,1990,82.6,12.8,4,3.8,0.6,0.7,0.4,1.27,1.16,0.09,0.02
28,1960,28.7,51.7,12.7,18.5,3.5,1.2,0.5,3.76,3.11,0.61,0.04
28,1965,27,50.5,23.7,21.6,4.3,1,0.5,4.31,3.58,0.7,0.03
28,1970,16.6,55.6,23.2,26.2,6.5,1.5,0.3,4.95,4.02,0.89,0.04
28,1975,19.7,50.6,25.2,28,7.9,1.6,0.5,5.07,4.05,0.98,0.04
28,1980,10.3,50.6,23.5,35.3,12.1,4.1,1.8,6.09,4.58,1.39,0.12
28,1985,9.9,50.3,18.7,36.2,17,3.6,1.6,6.07,4.46,1.51,0.1
28,1990,9.4,47.1,5.3,41.2,31.8,2.3,0.9,6.19,4.18,1.94,0.06
30,1960,72.9,23.1,5.2,4,1.1,0,0,0.91,0.73,0.18,0
30,1965,67.3,29.1,6.5,3.6,0.9,0,0,1.02,0.86,0.16,0
30,1970,65,31.5,7,3.4,0.8,0.1,0,1.07,0.91,0.16,0
30,1975,62.1,34.9,7.8,2.9,0.8,0.1,0.1,1.11,0.97,0.14,0
30,1980,57.4,39.9,8.7,2.5,0.6,0.1,0.1,1.2,1.08,0.12,0
30,1985,58.2,39.4,8.4,2.3,0.6,0.1,0.1,1.17,1.05,0.11,0
30,1990,56,41.8,8.7,2,0.5,0.2,0.1,1.2,1.1,0.1,0.01
31,1960,89.7,9,2,1,0.2,0.2,0.2,0.48,0.41,0.06,0.01
31,1965,90.6,8.1,1.8,1.2,0.2,0.2,0.1,0.45,0.38,0.07,0.01
31,1970,90,8.7,1.9,1.2,0.3,0.1,0.1,0.46,0.39,0.06,0
31,1975,83.1,15,3.4,1.5,0.2,0.4,0.3,0.77,0.66,0.09,0.01
31,1980,82.1,15.2,3.3,2.3,0.3,0.4,0.2,0.86,0.72,0.13,0.01
31,1985,80.8,15.2,3.2,3.4,0.5,0.5,0.2,0.99,0.79,0.18,0.01
31,1990,77.6,17.4,3.6,4.4,0.7,0.6,0.3,1.18,0.93,0.24,0.02
33,1960,1.79769313486232e+308,1.79769313486232e+308,1.79769313486232e+308,5.2,1.2,0.4,0.4,1.79769313486232e+308,1.79769313486232e+308,0.22,0.02
33,1965,1.79769313486232e+308,1.79769313486232e+308,1.79769313486232e+308,4.7,1.1,0.4,0.3,1.79769313486232e+308,1.79769313486232e+308,0.2,0.01
33,1970,69.3,25.9,7.6,4.4,1,0.4,0.3,1.49,1.29,0.18,0.01
33,1975,60.3,35.3,10.6,4,0.9,0.4,0.3,1.83,1.64,0.17,0.01
33,1980,55.9,40.1,12.2,3.7,0.8,0.4,0.3,1.99,1.82,0.16,0.01
33,1985,51,45.3,13,3.3,0.8,0.4,0.3,2.13,1.97,0.15,0.01
33,1990,48.2,47.2,15.6,4.1,0.6,0.5,0.3,2.35,2.16,0.17,0.02
34,1960,49.6,44.2,9.3,5.7,1.3,0.6,0.4,2.31,1.98,0.31,0.02
34,1965,53.8,39.5,8.3,6,1.2,0.7,0.4,2.18,1.83,0.33,0.02
34,1970,55.7,36.6,7.6,6.8,1.2,0.9,0.5,2.19,1.79,0.37,0.03
34,1975,37.6,54.1,11.1,7.1,1.4,1.3,0.6,2.91,2.46,0.42,0.04
34,1980,42.5,48.3,9.8,7.3,1.4,1.8,0.8,2.8,2.29,0.46,0.05
34,1985,45,45,9.1,8,1.5,2.1,1.1,2.79,2.22,0.51,0.06
34,1990,45.6,43.1,8.7,9,1.5,2.4,1.3,2.88,2.23,0.57,0.07
36,1960,89.5,6.4,5.2,3.6,1.3,0.5,0.3,0.95,0.69,0.24,0.02
36,1965,86.8,8.7,4.5,4,1,0.5,0.3,1.04,0.77,0.25,0.02
36,1970,83.7,10.9,4.2,4.9,0.9,0.5,0.3,1.22,0.91,0.3,0.02
36,1975,73.4,17,6.2,9.1,1.6,0.7,0.4,2.06,1.5,0.54,0.02
36,1980,70.5,18.4,6.5,10.4,1.4,0.8,0.5,2.27,1.65,0.6,0.02
36,1985,68.8,17.9,6.9,12.4,1.4,0.9,0.5,2.53,1.8,0.71,0.03
36,1990,62.2,23.8,8.5,12.8,1.5,1.1,0.6,2.89,2.11,0.75,0.03
38,1960,46.1,26.1,15.2,27.7,6.1,0,0,4.23,3.38,0.84,0
38,1965,47.6,27.1,11,24.4,5.6,0.8,0.7,3.92,3.1,0.79,0.03
38,1970,38.6,28.2,5.4,29,8.1,4,2.4,4.74,3.49,1.13,0.13
38,1975,41.2,28.9,10.1,25.2,5.2,4.6,2.6,4.59,3.45,0.99,0.15
38,1980,46.3,40.9,15.7,12.7,2.4,0,0,3.24,2.87,0.38,0
38,1985,18,50.7,19.8,29,4.8,2.3,0.2,5.66,4.66,0.96,0.04
38,1990,23.4,41.1,18.6,31.4,3.7,4.1,1.6,5.77,4.58,1.08,0.11
39,1960,78.1,19.2,4.4,2.6,0.6,0.1,0,0.72,0.58,0.14,0
39,1965,75.6,21.2,5.1,3,0.7,0.3,0.1,0.83,0.66,0.17,0.01
39,1970,73.3,22.3,5.8,3.9,0.7,0.6,0.2,0.99,0.74,0.23,0.02
39,1975,69.6,23,6.6,6.5,1.1,0.9,0.4,1.28,0.89,0.37,0.02
39,1980,64.2,26.3,7.8,8.4,2.1,1.1,0.6,1.61,1.06,0.51,0.03
39,1985,58.1,32.4,9.7,8.5,3.2,0.9,0.4,1.79,1.22,0.54,0.03
39,1990,54.9,33.2,10.1,10.7,2.6,1.2,0.6,2.01,1.34,0.63,0.04
40,1960,64.4,27.6,11.2,7.4,2.2,0.6,0.5,2.43,2.19,0.22,0.02
40,1965,62.9,29.4,8.1,7.2,2.3,0.5,0.4,2.34,2.12,0.21,0.02
40,1970,58.5,32.6,14.1,8.4,1.8,0.5,0.3,2.82,2.58,0.22,0.02
40,1975,41.3,37.9,11.2,19.9,5.5,0.9,0.3,4.19,3.63,0.54,0.02
40,1980,38.6,48.4,17.5,11.5,1.7,1.5,0.6,4.04,3.68,0.32,0.04
40,1985,34.3,50.2,19.3,13.5,1.8,2,1,4.47,4.02,0.39,0.06
40,1990,30.9,51.4,20.3,15.2,1.9,2.5,1.3,4.8,4.28,0.44,0.08
41,1960,20.3,72.9,13.1,2.2,0.1,4.9,3.9,4.07,3.51,0.38,0.18
41,1965,28.8,65.2,11.7,2.3,0.1,3.9,3.1,3.59,3.12,0.33,0.14
41,1970,33.8,60.7,10.9,2.4,0.1,3.2,2.5,3.31,2.9,0.29,0.12
41,1975,38,56.9,10.2,2.5,0.2,2.7,2.1,3.07,2.71,0.26,0.09
41,1980,35.8,59.4,10.8,2.5,0.1,2.2,1.7,3.11,2.79,0.24,0.08
41,1985,28.9,66.7,12,2.6,0.2,1.9,1.4,3.35,3.07,0.22,0.07
41,1990,32.4,63.2,11.4,3,0.2,1.5,1.2,3.2,2.93,0.22,0.05
42,1960,89.2,10.9,3.3,0,0,0,0,0.43,0.43,0,0
42,1965,82.6,16,5.5,1.4,0,0,0,0.79,0.73,0.06,0
42,1970,74.8,22.3,9.8,2.6,0.5,0.2,0,1.27,1.13,0.13,0
42,1975,65.9,27.5,8.7,6.2,0.3,0.5,0.1,1.78,1.48,0.29,0.01
42,1980,53.9,21.5,7,22.7,2.4,1.9,1,3.51,2.33,1.11,0.06
42,1985,41.7,33.4,11,22.8,2.6,2.2,1.2,4.04,2.83,1.14,0.07
42,1990,37.5,37.1,12.6,23,2.4,2.5,1.4,4.26,3.02,1.16,0.08
43,1960,86,8.2,2.6,4.5,0.9,1.3,1,0.96,0.67,0.24,0.05
43,1965,77.9,14.6,4.6,6.3,1.4,1.2,0.7,1.37,1.03,0.31,0.04
43,1970,63.9,25.2,7.8,10,2,0.8,0.2,2.08,1.64,0.41,0.02
43,1975,54.3,26.9,8.3,17.2,6.2,1.6,0.6,3.03,2.19,0.8,0.04
43,1980,41.8,35.4,10.9,20,8.9,2.7,1.4,3.87,2.76,1.03,0.08
43,1985,39.8,31.9,9.8,24.8,10,3.7,2.1,4.33,2.95,1.26,0.12
43,1990,32.7,35.5,10.8,27.1,10.9,4.7,2.6,4.87,3.3,1.42,0.15
44,1960,63.4,30.4,9,6.4,1.9,0,0,1.75,1.56,0.18,0
44,1965,60.3,34.1,9.5,5.6,0.6,0.1,0,1.79,1.65,0.14,0
44,1970,48.7,45.7,8.1,5.6,0.2,0.2,0,2.1,1.97,0.13,0
44,1975,51.8,42.3,10.3,5.5,0.3,0.3,0.1,2.08,1.93,0.14,0.01
44,1980,53.2,40.7,11.9,5.7,0.4,0.4,0.2,2.1,1.94,0.14,0.01
44,1985,53.9,39,12.4,6.5,0.4,0.5,0.3,2.15,1.96,0.17,0.02
44,1990,51,45.2,13.6,3.2,0.5,0.7,0.3,2.12,1.99,0.11,0.02
45,1960,64.5,32.9,4.2,2.6,0.5,0,0,1.35,1.27,0.07,0
45,1965,60.2,36.3,7.4,3.5,0.6,0.1,0,1.62,1.52,0.1,0
45,1970,56.9,37.8,9.8,5,0.7,0.3,0.1,1.9,1.75,0.15,0.01
45,1975,50.5,41.1,12.2,7.8,1,0.6,0.2,2.35,2.1,0.23,0.02
45,1980,46.1,37.7,12.5,15.4,1.6,0.8,0.4,2.93,2.48,0.42,0.02
45,1985,42.5,26.8,11.4,29.6,3.2,1.1,0.5,3.82,2.99,0.79,0.03
45,1990,39.1,30.4,12.6,29,6.3,1.5,0.7,4.09,3.12,0.92,0.04
46,1960,36.5,53.8,9.7,8.8,2.4,0.9,0.7,3.8,3.31,0.45,0.03
46,1965,37.7,52.8,19.3,8.7,2.2,0.7,0.6,4.11,3.65,0.44,0.03
46,1970,39.9,49.8,16.4,9.7,2.7,0.7,0.5,3.99,3.48,0.48,0.02
46,1975,34.4,54.2,17,10.2,2.1,1.2,0.5,4.31,3.76,0.52,0.03
46,1980,26.6,50.7,18.6,22.2,4.5,0.5,0,5.6,4.58,1.01,0.01
46,1985,23.6,54.3,21.1,21.3,3.5,0.7,0.3,5.76,4.78,0.97,0.02
46,1990,20.9,57.5,23,20.6,2.9,1.1,0.5,5.93,4.95,0.95,0.03
47,1960,45.8,50.4,13.4,2.6,0.1,1,0.8,1.98,1.77,0.17,0.04
47,1965,41,54.8,19.9,3.4,0.2,0.8,0.7,2.3,2.08,0.19,0.03
47,1970,33,62,14.5,4.1,0,0.9,0.5,2.41,2.16,0.22,0.03
47,1975,33.8,59.9,19,5.2,0.1,1.2,0.6,2.6,2.29,0.28,0.03
47,1980,34.9,58,20.5,6,0.2,1.1,0.7,2.67,2.32,0.31,0.04
47,1985,29,53.9,18.9,15.4,0.3,1.6,0.7,3.44,2.67,0.72,0.05
47,1990,22.9,52.3,19.4,22.4,0.9,2.4,1,4.16,3.03,1.06,0.07
49,1960,2.2,80.1,45.6,17.1,1.1,1.1,0.7,5.88,4.87,0.98,0.04
49,1965,0,72.4,15.2,26.7,1.6,1.3,0.6,5.83,4.31,1.49,0.04
49,1970,0.8,22,4.5,75.6,8.4,1.5,0.6,9.61,5.42,4.15,0.04
49,1975,1.8,22.6,4.9,72.5,8.6,3.2,0.8,9.58,5.36,4.13,0.08
49,1980,1.5,60.9,13.4,32.6,2,5,1.8,6.72,4.49,2.09,0.14
49,1985,2,52.7,11.6,38,3.3,7.2,2.8,7.43,4.65,2.58,0.2
49,1990,1.5,47.8,10.5,42.5,4.2,8.2,4.2,7.95,4.79,2.91,0.25
50,1960,1.4,26.6,15.4,41.2,15.6,30.8,9.3,9.94,5.58,3.55,0.8
50,1965,2.3,28.2,15.9,39.6,13.4,30,8.6,9.66,5.5,3.39,0.77
50,1970,1,32.5,16.5,35.6,11.5,30.9,8.3,9.51,5.46,3.27,0.78
50,1975,1.4,24.9,10.2,41.7,13,32,8.5,9.85,5.48,3.56,0.81
50,1980,1.4,19.3,8.1,41.8,13.6,37.4,10.2,10.42,5.57,3.9,0.95
50,1985,0.8,17.2,13,61.6,24.2,20.1,4.3,10.09,5.81,3.79,0.49
50,1990,0.8,13.6,10.3,63.8,26.7,22,5.1,10.44,5.86,4.03,0.54
51,1960,17,69.5,18.9,11.1,3.1,2.4,1.1,4.05,3.46,0.52,0.07
51,1965,17.4,69.1,22.2,10.6,3,3,1.3,4.17,3.55,0.53,0.09
51,1970,17.4,69,14.6,10.6,3.9,3,0.8,3.95,3.33,0.55,0.08
51,1975,11.8,64.7,23.6,17.9,7.1,5.7,1.4,5.16,4.06,0.96,0.14
51,1980,11,63.2,16,16.8,3.9,9.1,3,5.21,3.93,1.04,0.24
51,1985,11,61.9,15.3,15.7,3.5,11.5,5,5.39,3.94,1.11,0.33
51,1990,11.3,60.4,14.8,14.6,3,13.7,6.5,5.54,3.96,1.18,0.4
53,1960,33.3,62.2,16.7,3.4,0.6,1,0.5,2.81,2.63,0.15,0.03
53,1965,35.7,58.9,11.9,4.1,0.5,1.3,0.6,2.67,2.45,0.18,0.04
53,1970,31.6,48.9,5.8,17.1,3.1,2.4,0.9,3.49,2.81,0.61,0.07
53,1975,33.8,44,8.4,18.5,2.5,3.7,1.3,3.7,2.9,0.69,0.1
53,1980,34.7,41.1,9.1,18.5,2.9,5.6,2,3.93,2.96,0.82,0.15
53,1985,34.4,40.1,9.3,17.4,2.8,8.2,3,4.19,3.01,0.95,0.22
53,1990,34,40,9.4,14.8,2.2,11.3,4.5,4.42,3.04,1.06,0.32
54,1960,52.4,40.6,7.1,6.4,2.5,0.8,0.3,2.19,1.86,0.31,0.02
54,1965,49.6,42.1,8.9,7.1,2,1.1,0.4,2.39,2.02,0.34,0.03
54,1970,37.5,49.1,11.2,10,2.8,3.3,1.8,3.3,2.61,0.59,0.1
54,1975,36.2,50.5,11.9,8.9,2.3,4.3,1.8,3.39,2.67,0.6,0.12
54,1980,27.1,63.3,15.4,7.2,1.4,2.7,1.2,3.46,2.96,0.42,0.08
54,1985,28.6,61,14.9,4.6,0.4,5.8,1.4,3.55,2.9,0.5,0.14
54,1990,31.7,57.2,14.1,3.2,0.4,8,3.1,3.6,2.81,0.57,0.22
56,1960,62.7,32.4,8,4.4,0.6,0.4,0,1.67,1.5,0.16,0.01
56,1965,61.6,33,7.7,4.4,0.4,0.9,0.2,1.74,1.54,0.19,0.02
56,1970,59.9,33.5,7.7,4.9,0.3,1.6,0.5,1.9,1.62,0.23,0.04
56,1975,57.6,33.4,7.9,7.4,0.8,1.7,0.4,2.14,1.78,0.32,0.04
56,1980,41.5,44.6,10.6,11.1,1.4,2.8,0.6,3.05,2.49,0.5,0.07
56,1985,41,45.1,10.8,9.7,1,4.1,1.5,3.14,2.51,0.52,0.11
56,1990,39.5,43.7,10.5,11.7,0.7,5.2,2.2,3.41,2.64,0.62,0.15
57,1960,88.3,5,1.2,6.5,2.5,0.2,0.1,0.91,0.59,0.31,0.01
57,1965,85.7,7.5,1.6,6.5,2.6,0.3,0.2,1.02,0.68,0.32,0.01
57,1970,73.6,19.7,2.5,6.6,3.7,0.4,0.2,1.47,1.08,0.37,0.01
57,1975,73.5,19.4,3.8,6.8,2.6,0.5,0.2,1.49,1.13,0.34,0.01
57,1980,64.1,23.8,5.3,11.4,3.9,0.8,0.5,2.19,1.61,0.56,0.03
57,1985,23.8,57.5,12.9,18,6,0.7,0.4,4.09,3.24,0.83,0.02
57,1990,29.2,51.6,11.8,18.4,5.6,0.9,0.5,3.92,3.06,0.84,0.03
58,1960,53.8,40.9,7.7,4.3,1.4,0.8,0.3,1.98,1.76,0.2,0.02
58,1965,51.4,43,10.5,4.5,1.5,1,0.4,2.18,1.94,0.22,0.03
58,1970,47.6,46.4,10.1,4.6,1.8,1.3,0.6,2.33,2.05,0.24,0.04
58,1975,42.4,48.6,10.6,7.5,3.9,1.3,0.1,2.71,2.31,0.37,0.03
58,1980,39.1,50.8,10.4,7.4,2.3,2.7,0.7,2.92,2.44,0.4,0.07
58,1985,12.7,59.4,13.4,24.5,13.9,3.4,1.1,5.13,3.86,1.18,0.09
58,1990,12.6,61.6,14.5,21.2,9.7,4.6,1.8,5.02,3.83,1.06,0.13
59,1960,19.1,74.2,16.2,6.2,0.2,0.6,0.2,2.37,2.08,0.27,0.02
59,1965,21,64.8,13.9,13.2,0.5,1,0.4,2.72,2.14,0.55,0.03
59,1970,4.5,83.5,18.8,10.5,0,1.4,0.4,3.02,2.52,0.46,0.03
59,1975,3.5,75.9,17.1,18.6,0.6,2.1,0.7,3.56,2.69,0.82,0.06
59,1980,2.9,71.7,16.4,23.6,1.4,1.7,0.4,3.81,2.77,0.99,0.04
59,1985,3.7,66.1,15.2,28.1,2.2,2,0.9,4.09,2.83,1.2,0.06
59,1990,5.3,59.8,13.7,32.2,2.4,2.8,1.1,4.36,2.87,1.41,0.08
60,1960,36.1,55.5,12.3,6.7,2.1,1.9,0.7,2.97,2.55,0.38,0.05
60,1965,36.6,54.1,14.9,6.8,2.2,2.6,0.8,3.13,2.63,0.43,0.07
60,1970,18.1,65.3,20.2,12.6,6.7,4.1,1.5,4.51,3.57,0.83,0.11
60,1975,18.2,63.5,19,12.2,2.9,6.1,1.8,4.55,3.57,0.82,0.16
60,1980,25.3,45.3,17.6,21.4,6.3,7.9,2.5,5.15,3.64,1.3,0.21
60,1985,18.8,49.9,16.2,21.8,5.9,9.5,3.4,5.52,3.86,1.4,0.26
60,1990,11.8,42.7,20,35.7,14.2,10.3,3.8,7.04,4.64,2.11,0.28
61,1960,56.3,34.7,11.7,5.2,0.6,3.8,2.3,2.4,1.93,0.36,0.12
61,1965,49.5,39,10.7,5.2,0.5,6.3,3.9,2.86,2.18,0.48,0.2
61,1970,48.3,37.8,9.8,7.2,0.5,6.7,3.7,3.03,2.26,0.56,0.21
61,1975,44.7,41.7,10.4,6.4,0.3,7.2,3.5,3.15,2.38,0.56,0.21
61,1980,42.4,42.4,10.4,6.5,0,8.7,3.8,3.38,2.5,0.63,0.25
61,1985,39.2,45.2,11.1,7.2,0.2,8.4,4.6,3.52,2.62,0.64,0.26
61,1990,36.7,46.6,11.4,8.2,0.1,8.6,4.4,3.68,2.74,0.68,0.26
62,1960,23.1,56.2,26.7,18.2,4.5,2.7,1.3,4.66,3.74,0.84,0.08
62,1965,22.6,55.7,14.5,18.5,6.6,3.3,1.5,4.46,3.41,0.95,0.09
62,1970,24.1,52.5,14.7,18,11.8,5.5,3,4.81,3.42,1.22,0.17
62,1975,23.5,50.5,17.1,18.9,5.5,7.1,3,4.94,3.59,1.16,0.2
62,1980,13.4,47.3,24.2,31.5,14.7,7.8,3,6.58,4.51,1.86,0.22
62,1985,13.3,46.5,16.9,30.4,11,9.8,4.3,6.42,4.31,1.83,0.28
62,1990,9.4,41.2,23.3,35.7,19.2,13.7,7.2,7.79,4.9,2.47,0.42
65,1960,7.8,75.2,18.6,15.8,4.8,1.1,0.7,4.83,3.83,0.97,0.04
65,1965,8.9,71.8,18.3,18,3.4,1.3,0.6,4.97,3.86,1.06,0.04
65,1970,5.5,71.4,19.9,21.7,3.9,1.5,0.6,5.44,4.13,1.27,0.04
65,1975,7.2,66.4,23.7,24.3,3.6,2.1,0.8,5.78,4.29,1.44,0.06
65,1980,1,63.5,38.8,32.4,4.5,2.9,1.3,7.19,5.19,1.92,0.08
65,1985,2.8,60.1,22.6,33.9,4.9,3.3,1.7,6.83,4.71,2.02,0.1
65,1990,3.7,54,15.9,38.3,5.4,3.9,1.9,7.05,4.63,2.3,0.12
66,1960,2.1,38.3,17.3,44.8,14.9,14.8,7.3,8.37,5.24,2.68,0.44
66,1965,1.9,35.9,27.4,44.2,15.1,18,8.4,9.02,5.63,2.86,0.53
66,1970,1.4,34,30.6,42,15.7,22.6,10.1,9.55,5.81,3.09,0.65
66,1975,1.8,31.2,19.8,39.7,16.8,27.3,12.6,9.68,5.55,3.34,0.8
66,1980,0.9,5.3,3,64.9,47.7,29.3,14.5,11.91,5.9,5.14,0.88
66,1985,1.4,5.1,2.5,60.9,32.2,32.7,17.1,11.59,5.84,4.75,1
66,1990,0.4,11.7,5.6,36.8,15.7,50.7,28.2,11.97,5.77,4.62,1.58
67,1960,9,71.1,18.6,15.4,4.4,4.4,1.6,5.42,4.53,0.77,0.12
67,1965,9.4,70.2,20.9,14.5,3.8,5.8,2.3,5.58,4.62,0.8,0.16
67,1970,6,68.8,29.8,19.7,5,5.6,2.2,6.35,5.22,0.97,0.16
67,1975,5.9,67.2,22.6,18.8,4.3,8.3,2.9,6.33,5.04,1.06,0.22
67,1980,5.8,60.7,29.4,27,7.5,6.5,2.3,6.97,5.5,1.29,0.18
67,1985,6.7,57.6,22.5,26.1,6.1,9.6,3.2,6.95,5.3,1.39,0.26
67,1990,4.4,51.1,32.2,31.8,7.5,12.5,4.3,8.08,6.02,1.73,0.34
68,1960,21.1,29.6,7.7,47.1,15,2.1,0.8,6.44,4.07,2.31,0.06
68,1965,23.9,32.6,8.2,40.8,12.9,2.7,1.1,5.96,3.83,2.05,0.08
68,1970,25.4,34.7,8.5,35.5,11.3,4.5,1.5,5.72,3.69,1.91,0.12
68,1975,25.4,36.3,8.7,32.1,14.2,6.1,2.5,5.75,3.65,1.94,0.17
68,1980,25.3,40.1,9.5,26.8,8.6,7.8,3.4,5.5,3.56,1.71,0.22
68,1985,23.8,42.8,10.1,24.1,6.6,9.3,4.3,5.52,3.59,1.66,0.27
68,1990,22.4,44.9,10.5,20.9,5.2,11.7,5.1,5.6,3.62,1.64,0.34
69,1960,50.9,34.6,7.1,11.7,1.7,2.7,1.6,2.57,1.77,0.71,0.09
69,1965,46.9,38.5,9.2,12,1.9,2.9,1.7,2.76,1.93,0.74,0.09
69,1970,35.2,49.2,21,13.7,4.3,2.5,1,3.48,2.56,0.85,0.07
69,1975,25.3,63.1,5.2,7.2,1.8,4.4,1.8,3.07,2.29,0.65,0.12
69,1980,26.4,60.2,6.5,8.7,2,4.8,2.1,3.23,2.35,0.75,0.14
69,1985,24.6,61.8,11.5,8,1.7,5.6,2.9,3.44,2.51,0.76,0.17
69,1990,18.7,64.6,6.9,10.3,6.8,6.4,3.4,3.88,2.62,1.06,0.19
70,1960,16.2,56.2,23.4,25,11.1,2.5,1.2,5.36,4.04,1.24,0.08
70,1965,12.8,59.9,18,24.2,8.7,3.2,1.4,5.25,3.98,1.18,0.09
70,1970,9,57.4,15.3,28.8,9.2,4.9,2.2,5.77,4.2,1.43,0.14
70,1975,7.9,59.1,15,26.5,7.5,6.5,2.7,5.8,4.2,1.41,0.18
70,1980,6.4,52.6,13.1,33.1,9,8,3.8,6.42,4.44,1.75,0.24
70,1985,4.1,53.5,13.1,32.9,7.9,9.6,4.5,6.62,4.55,1.8,0.28
70,1990,5.6,50.5,12.4,32.2,7.3,11.8,5.5,6.76,4.52,1.89,0.35
71,1960,29.5,53.8,12.3,14,2.9,2.6,1.5,3.35,2.49,0.78,0.08
71,1965,25.5,60.5,11.3,12,4.5,2,0.9,3.25,2.49,0.69,0.06
71,1970,28.1,58,14.1,11.2,2.3,2.7,1.1,3.23,2.5,0.66,0.08
71,1975,18,54.4,13.3,22.9,5.2,4.7,2,4.5,3.07,1.3,0.13
71,1980,21.8,52.5,12.9,19.9,4.3,5.7,2.5,4.31,2.92,1.22,0.16
71,1985,23.7,50.9,12.6,18.6,3.1,6.9,3.1,4.27,2.86,1.22,0.2
71,1990,26,48.5,12,17.4,2.7,8.2,3.8,4.27,2.79,1.24,0.24
72,1960,28.2,60.1,14.8,9.6,2.8,2.1,1,3.51,2.95,0.5,0.06
72,1965,28.8,59.5,16.3,9.3,2.6,2.4,1.1,3.55,2.98,0.5,0.07
72,1970,28.3,59.8,18.7,8.2,2.3,3.7,1.3,3.71,3.07,0.54,0.1
72,1975,21.7,57.8,24.9,16.1,6.6,4.3,1,4.75,3.7,0.94,0.11
72,1980,16.3,51,37.1,24.2,10.8,8.5,0.7,6.35,4.61,1.56,0.18
72,1985,15.7,51.5,21,19.3,5.3,13.5,4.6,6.05,4.14,1.54,0.36
72,1990,15.6,51.5,15.7,19,4.6,13.8,7.4,5.95,3.99,1.54,0.42
73,1960,8.7,78.8,39.9,11.7,1.8,0.6,0.4,4.74,4.3,0.42,0.02
73,1965,8.2,70.8,16.2,20.3,1.6,0.7,0.3,4.56,3.87,0.68,0.02
73,1970,5.7,74.1,16.9,18.9,1.7,1.2,0.5,4.63,3.94,0.66,0.03
73,1975,7.3,67,15.4,23.8,2.4,1.8,0.7,4.91,4.01,0.85,0.05
73,1980,4,66.9,15.2,26.9,2.7,2.3,1.2,5.26,4.21,0.98,0.07
73,1985,5.9,59.7,13.5,32.1,3.3,2.2,1.2,5.47,4.26,1.14,0.07
73,1990,6.5,56.6,12.8,34.1,3.8,2.8,1.2,5.62,4.3,1.24,0.08
74,1960,15.4,72.2,17.7,10.7,3.4,1.6,0.9,4,3.43,0.52,0.05
74,1965,16.7,71.5,15.5,9.8,3.2,2,1,3.89,3.32,0.51,0.06
74,1970,10.6,71.7,13.6,15.1,5.7,2.6,1.4,4.48,3.62,0.78,0.08
74,1975,10.1,72.6,18.2,13.8,4.1,3.5,1.6,4.61,3.76,0.75,0.1
74,1980,8.4,65.6,18.4,22.3,6.8,3.8,1.6,5.29,4.08,1.1,0.11
74,1985,8.9,65.1,15.4,21.3,5.7,4.7,2.3,5.22,3.98,1.1,0.14
74,1990,9.6,64.7,15.6,20.4,5.4,5.3,3,5.21,3.95,1.09,0.17
75,1960,25.1,57.8,14.7,13.9,4.7,3.2,1.5,3.97,3.2,0.67,0.09
75,1965,27.4,55,15.1,13.5,4.4,4.2,1.8,3.98,3.16,0.7,0.12
75,1970,17.5,53.3,19,23.7,10.6,5.5,2.2,5.28,3.92,1.2,0.16
75,1975,17.5,54.9,17.2,19.9,7.4,7.6,3,5.15,3.81,1.13,0.21
75,1980,10.6,43.9,17.9,34,13.6,11.6,5.1,6.79,4.58,1.87,0.33
75,1985,10.5,47.8,14.1,27.2,9.6,14.5,6.3,6.51,4.36,1.73,0.42
75,1990,7.8,53.6,13.8,19.3,5.2,19.4,8,6.54,4.34,1.65,0.55
77,1960,9.3,63.2,17,24.4,4.2,3.1,1.3,5.39,4.06,1.25,0.09
77,1965,11.4,67.5,22.8,17.4,2.7,3.7,1.8,5.06,3.98,0.97,0.11
77,1970,13.7,56.5,17.8,25.3,3.7,4.5,2.1,5.51,4.02,1.36,0.13
77,1975,7.7,61.5,26.9,24.9,3.4,5.9,2.6,6.08,4.5,1.42,0.17
77,1980,6.3,61.8,19.2,24.8,3,7,3.4,6.02,4.34,1.47,0.21
77,1985,5,53,14.3,34.9,4,7,1.3,6.6,4.54,1.9,0.17
77,1990,5.7,49.8,12.7,34.2,3.3,10.2,4.1,6.88,4.54,2.05,0.29
78,1960,37.4,51.7,19.3,8.7,2.6,2,0.8,3.25,2.78,0.41,0.06
78,1965,35.8,51.7,15,9.4,1.9,3,1.1,3.29,2.74,0.47,0.08
78,1970,51.1,27.7,7.8,17.7,4.8,3.4,0.7,3.21,2.33,0.8,0.08
78,1975,47.4,29.1,7.8,17.3,3.9,6.1,1.8,3.57,2.51,0.9,0.16
78,1980,16.3,46.3,11.4,30.1,7.3,7.3,2.1,5.58,3.97,1.41,0.19
78,1985,17.5,45.7,11.2,25.9,5.6,10.9,4,5.65,3.91,1.43,0.3
78,1990,17.2,58.2,14.2,14,3.4,10.4,3.5,4.92,3.64,1.01,0.28
79,1960,73.4,10.8,3.8,9.6,3.5,6.2,4.4,2.36,1.39,0.76,0.21
79,1965,76.2,10.6,3.9,8.2,2.9,5,3.5,2.04,1.23,0.64,0.17
79,1970,76.6,10.6,4.6,8.2,2.6,4.4,3,1.95,1.21,0.59,0.15
79,1975,76.1,11.4,7,8.7,3.6,3.9,2.6,2.03,1.3,0.6,0.13
79,1980,71.7,17.8,2.2,4.3,0.7,6.1,4.1,1.95,1.23,0.52,0.2
79,1985,68.4,21,5.2,5.3,1.2,5.3,3.5,2.11,1.42,0.51,0.18
79,1990,70.6,19,6.3,5.7,1.6,4.7,3,2.03,1.38,0.5,0.15
80,1960,81.7,12.1,6.6,2.8,0.1,3.4,1.6,1.23,0.93,0.19,0.1
80,1965,71.6,14.1,10.2,11.2,1.1,3.1,1.4,2.05,1.59,0.37,0.09
80,1970,56.1,17.3,7.4,22.2,7.3,4.4,2.1,3.24,2.34,0.77,0.13
80,1975,48.8,23.1,8.9,24.3,8.4,3.8,1.6,3.55,2.64,0.8,0.11
80,1980,47.3,21.6,7.8,27.1,10,4,1.5,3.76,2.74,0.9,0.11
80,1985,44.6,20.6,7.2,30.5,11.8,4.3,1.7,4.06,2.92,1.02,0.12
80,1990,29.9,35.1,12.1,26.6,9.6,8.5,3.3,4.81,3.52,1.06,0.24
81,1960,78.6,14.7,4,6.1,1.4,0.7,0.4,1.04,0.8,0.22,0.02
81,1965,73.1,17.2,4.6,8.9,1.9,0.8,0.4,1.36,1.03,0.31,0.02
81,1970,77.4,9.3,2.5,12.1,2.5,1.2,0.5,1.41,0.96,0.42,0.03
81,1975,67.8,13.9,3.7,17.1,3.5,1.5,0.7,2,1.37,0.59,0.04
81,1980,56,20.7,5.4,21.5,7.9,1.8,0.7,2.7,1.82,0.83,0.05
81,1985,52.1,24.3,6.4,20.9,6.3,2.8,1,2.84,1.95,0.82,0.08
81,1990,49.2,27.4,7.2,20.2,6.2,3.2,1.6,2.96,2.04,0.82,0.1
82,1960,66.8,19.4,5,13,4.6,0.7,0.4,1.54,1.04,0.48,0.02
82,1965,64.8,21.4,5.5,12.9,4.2,0.8,0.4,1.58,1.09,0.47,0.03
82,1970,61.5,23.9,6.2,13.4,4.1,1.1,0.5,1.71,1.18,0.49,0.03
82,1975,65.3,16.8,4.3,17.6,4.2,0.4,0,1.71,1.14,0.56,0.01
82,1980,60,22.2,5.6,16.7,5.5,1.2,0.1,1.91,1.27,0.61,0.03
82,1985,43.4,31,7.9,23.7,8.3,2,0.8,2.77,1.81,0.9,0.06
82,1990,38.6,37.3,9.5,21.5,7.5,2.6,1.2,2.83,1.9,0.86,0.08
83,1960,1.79769313486232e+308,1.79769313486232e+308,1.79769313486232e+308,1.79769313486232e+308,1.79769313486232e+308,1.2,0.9,1.79769313486232e+308,1.79769313486232e+308,1.79769313486232e+308,0.04
83,1965,1.79769313486232e+308,1.79769313486232e+308,1.79769313486232e+308,1.79769313486232e+308,1.79769313486232e+308,1.2,0.9,1.79769313486232e+308,1.79769313486232e+308,1.79769313486232e+308,0.04
83,1970,1.79769313486232e+308,1.79769313486232e+308,1.79769313486232e+308,1.79769313486232e+308,1.79769313486232e+308,1.1,0.8,1.79769313486232e+308,1.79769313486232e+308,1.79769313486232e+308,0.04
83,1975,28.3,31.5,11.3,39,11.8,1.2,0.8,5.33,3.69,1.6,0.04
83,1980,21.5,35.6,12.8,41.4,11.9,1.3,0.9,5.74,4.02,1.68,0.04
83,1985,21.4,36,12.8,41.2,13.2,1.4,0.9,5.78,4.02,1.72,0.05
83,1990,8,35.8,12.7,53.1,17.6,3.1,2.4,7.25,4.83,2.31,0.11
84,1960,8.6,57.3,29,28.1,12.3,6.2,3.4,6.93,4.65,2.09,0.19
84,1965,11.2,48.2,28.4,33.8,17.3,6.9,3.9,7.47,4.74,2.52,0.22
84,1970,10.8,45.9,27.9,39.6,22.3,3.9,1.5,7.62,4.82,2.69,0.11
84,1975,9.3,43.5,23.5,42.6,23.3,4.6,1.5,7.88,4.84,2.92,0.12
84,1980,7.5,36.8,23.2,47.5,26.2,8.1,3.7,8.83,5.13,3.46,0.24
84,1985,7,30.8,16.5,53.7,24.5,8.6,4,9.18,5.16,3.78,0.25
84,1990,7.3,26,13.3,53.7,31,12.9,6.8,9.77,5.17,4.2,0.39
85,1960,58.5,36.4,12.5,4.7,0.2,0.3,0,2.53,2.36,0.17,0.01
85,1965,53.5,39.2,13.5,6.9,0.5,0.4,0,2.95,2.69,0.25,0.01
85,1970,52.9,36.9,13.6,8.4,1.5,1.8,0.1,3.27,2.83,0.4,0.04
85,1975,49.2,37.9,14.4,9.7,2,3.3,1,3.77,3.13,0.55,0.09
85,1980,54.4,16.1,6.2,25.9,8.2,3.5,1.1,4.57,3.25,1.23,0.09
85,1985,49.8,20.3,7.9,25.1,7.9,4.7,2,4.92,3.52,1.27,0.13
85,1990,43.8,24.4,9.6,26.6,8,5.1,2.8,5.4,3.9,1.34,0.16
86,1960,56.2,39,16.5,4.8,1.1,0.2,0,2.16,1.97,0.19,0
86,1965,51.6,41.9,19,5.6,1.5,0.9,0.1,2.5,2.22,0.27,0.02
86,1970,33,55.9,26.8,10.3,3.3,0.7,0,3.6,3.14,0.45,0.01
86,1975,32.1,55,23.2,11.8,3.9,1.1,0.2,3.68,3.12,0.53,0.03
86,1980,21.9,61.2,25.4,15.8,6.9,0.9,0.1,4.35,3.6,0.73,0.02
86,1985,9.6,77.4,29,12.7,6.5,0.1,0,4.54,3.96,0.58,0
86,1990,7.4,74.8,36,15.8,4.4,1.9,0,5.14,4.39,0.72,0.04
87,1960,83.1,10.4,6,5.6,1.8,0.8,0.4,1.18,0.88,0.27,0.02
87,1965,74.3,15.1,8.4,9.2,4.2,1.4,0.7,1.87,1.34,0.49,0.04
87,1970,70.7,14.8,6.5,12.7,3.8,1.8,0.8,2.16,1.51,0.6,0.05
87,1975,61.8,16.8,6.4,18.8,5.3,2.6,1,2.93,1.98,0.88,0.07
87,1980,53.1,21.5,7.7,22.4,8.4,3,1.4,3.6,2.4,1.11,0.09
87,1985,47.9,23,8,25.7,10.5,3.5,1.7,4.07,2.68,1.29,0.1
87,1990,40,26.7,9.2,28,11.3,5.4,2,4.73,3.08,1.5,0.15
88,1960,94.2,2.2,0.7,2.6,0.2,1,0.3,0.46,0.3,0.13,0.03
88,1965,82.1,10.4,3.3,5.8,0.5,1.8,0.5,1.18,0.86,0.27,0.05
88,1970,69.9,18.9,6,8.5,1.7,2.7,1,1.91,1.42,0.42,0.07
88,1975,60.9,23.4,7.4,11.5,2.4,4.1,1.5,2.57,1.86,0.6,0.11
88,1980,48.5,26.6,8.4,19.5,3.6,5.3,2.3,3.62,2.54,0.92,0.15
88,1985,37.9,31.1,9.5,23.7,6.4,7.2,3,4.48,3.07,1.2,0.2
88,1990,32.2,33.3,10,25.9,8.1,8.5,4,4.98,3.37,1.37,0.25
89,1960,9.9,45,20.5,34.1,15.1,11,4.9,7.98,6.23,1.43,0.32
89,1965,12.6,44.1,16.2,31.7,13.4,11.7,4.7,7.58,5.88,1.37,0.33
89,1970,8.3,36.2,12,41.5,17.4,14.2,5.8,8.53,6.38,1.75,0.4
89,1975,7.7,31.9,10.2,43.3,18.4,17.1,7.2,8.92,6.52,1.92,0.49
89,1980,3.8,26.4,8.2,48.5,21,21.4,9.4,9.83,6.97,2.24,0.62
89,1985,5.9,26.1,8.2,45.1,19.1,22.9,9.8,9.67,6.81,2.2,0.65
89,1990,7.2,25,7.8,43.9,17.6,23.9,10.4,9.61,6.74,2.19,0.69
90,1960,1.1,45.4,22.1,44.4,26.7,9,5,8.18,5.23,2.67,0.28
90,1965,0.9,41,19.4,47.8,9.6,10.2,5.5,7.94,5.29,2.33,0.31
90,1970,0.8,45.7,21.4,41.1,8.5,12.4,6.5,7.83,5.22,2.23,0.38
90,1975,0.8,42.1,19.6,42.2,9.3,14.9,8.1,8.17,5.28,2.44,0.46
90,1980,0.1,36.6,17.1,43.2,9.6,20.2,13.4,8.87,5.41,2.79,0.67
90,1985,0.1,33.4,15.6,45,10,21.5,14.8,9.13,5.46,2.94,0.73
90,1990,0.1,34.2,15.9,46.9,10.4,18.8,14.4,8.96,5.45,2.85,0.66
91,1960,53.8,24,14.9,20.8,5.6,1.2,0.7,3.39,2.49,0.86,0.04
91,1965,46.5,26.1,10.7,25.9,6.7,1.4,0.7,3.84,2.74,1.06,0.04
91,1970,39.1,30.1,11,29.1,8.8,1.6,0.8,4.36,3.08,1.24,0.05
91,1975,32.4,31.3,11,32.6,9.7,3.6,0.9,5.02,3.44,1.49,0.09
91,1980,37.5,23,8,31.5,11,8,1.6,5.24,3.3,1.75,0.19
91,1985,30,26.7,9.2,29.4,8.9,13.8,4.4,6.02,3.67,1.98,0.37
91,1990,29,20.4,7,35.6,10.6,15,8.2,6.61,3.86,2.29,0.47
92,1960,31.4,38.1,34.3,25.9,12,4.7,2.5,5.57,4,1.42,0.14
92,1965,22.2,37.3,35.6,33.8,12.6,6.5,3.8,6.6,4.61,1.78,0.21
92,1970,25,35,16.1,32.5,12,7.6,4.3,5.97,3.94,1.79,0.24
92,1975,11,31.4,15,47.4,18.4,10.2,6,7.76,4.85,2.59,0.32
92,1980,8.2,23.4,12.2,54.8,32.9,13.6,7.2,9.05,5.18,3.45,0.42
92,1985,6.5,17.6,11.5,56.9,25.1,18.9,8.6,9.57,5.42,3.59,0.55
92,1990,4,12.5,12,64.2,48.4,19.3,9,10.85,5.75,4.54,0.57
93,1960,35,47,20.5,13.4,4.9,4.6,3.1,3.33,2.07,1.1,0.16
93,1965,36.4,45.1,16.7,14.5,5.5,4.1,2.8,3.25,1.98,1.13,0.14
93,1970,36.3,39.7,10.4,19.7,6.1,4.3,2.6,3.48,1.96,1.38,0.14
93,1975,56.8,13.1,3.6,24,10.6,6.2,3.4,3.61,1.54,1.88,0.19
93,1980,49.8,10.8,3.4,30.8,14.4,8.8,5.2,4.66,1.87,2.51,0.28
93,1985,47.2,7.9,2.6,33.5,18,11.4,7,5.34,2,2.97,0.37
93,1990,43.4,8.3,2.8,37.1,18,11.2,7.1,5.62,2.16,3.1,0.37
94,1960,29.9,52.6,20.6,15,4.8,2.4,1.8,4.18,3.24,0.86,0.08
94,1965,22.5,57,23.3,18.1,5.4,2.3,1.7,4.7,3.64,0.98,0.08
94,1970,17.9,58.1,25.4,21.8,6.9,2.2,1.6,5.18,3.94,1.16,0.08
94,1975,16.2,56,28.4,25.2,9.1,2.6,1.6,5.66,4.2,1.38,0.08
94,1980,14.1,54.3,37.3,28.6,12.2,2.9,1.8,6.37,4.64,1.63,0.09
94,1985,11.5,53.2,30.7,31.7,13.3,3.5,2.1,6.56,4.63,1.82,0.11
94,1990,9.5,52.3,27.8,34.1,14.2,4.1,2.5,6.81,4.7,1.98,0.13
95,1960,96.9,0.9,0.2,1.8,0.2,0.3,0.1,0.21,0.16,0.04,0.01
95,1965,95.5,1.8,0.5,2.2,0.5,0.5,0.2,0.3,0.23,0.06,0.01
95,1970,95,1.6,0.4,3.4,0.5,0.3,0,0.35,0.28,0.07,0.01
95,1975,90.6,3.8,1,4.9,0.9,0.7,0.1,0.61,0.48,0.11,0.02
95,1980,74.8,11.7,3.2,11.4,2.8,2,0.9,1.58,1.25,0.27,0.06
95,1985,65.5,18.9,5.1,12.8,3.2,2.8,1.2,2.06,1.66,0.32,0.08
95,1990,58.1,23.3,6.2,15,3.6,3.6,1.6,2.49,2,0.39,0.1
97,1960,73.5,20.7,2.5,5.3,1.1,0.5,0.2,1.21,0.87,0.32,0.01
97,1965,72.2,20.7,11,6.3,1.5,0.8,0.4,1.57,1.15,0.4,0.02
97,1970,68.1,19.6,14.2,7.8,2.3,4.6,3.5,2.37,1.46,0.75,0.16
97,1975,64.9,21.6,11.1,9.4,2.2,4.1,3.1,2.44,1.49,0.8,0.15
97,1980,64.4,13.2,5.8,19.9,6.5,2.5,1.6,2.98,1.6,1.3,0.08
97,1985,61.7,15,6.1,20.2,5.8,3.2,1.7,3.14,1.69,1.35,0.1
97,1990,39.7,18.7,7.5,39.2,21.9,2.4,1.5,5.38,2.73,2.57,0.08
98,1960,23.1,53.6,22.6,16.5,6.3,6.8,2.9,4.6,3.68,0.73,0.19
98,1965,21.3,54.5,21.3,16,5.6,8.2,3.3,4.72,3.73,0.76,0.23
98,1970,16.6,59.3,19,14.7,6.1,9.3,3.9,4.85,3.79,0.79,0.26
98,1975,9.1,53.4,21.3,25.2,10.9,12.2,5.8,6.06,4.49,1.21,0.36
98,1980,7.7,48.7,21.1,27.7,11.1,15.7,6.8,6.55,4.7,1.4,0.45
98,1985,7.4,48.1,22.4,26.1,9.2,18.3,7.6,6.74,4.78,1.44,0.52
98,1990,6.9,47,22.8,26.7,9.1,19.3,8.9,6.91,4.85,1.49,0.56
100,1960,30.6,28.7,11.4,40.7,12.8,0,0,5.53,3.65,1.88,0
100,1965,26,32.1,12.7,40.3,11.6,1.5,0.2,5.82,3.85,1.94,0.03
100,1970,21.8,35.8,14.1,39.7,11.3,2.7,0.9,6.1,4.04,1.98,0.07
100,1975,18.1,38.6,15.2,39.3,11.1,3.9,1.5,6.35,4.21,2.03,0.11
100,1980,26.7,28,11,40.3,11.6,4.9,2.3,6.17,3.89,2.14,0.14
100,1985,21.4,30.1,11.9,42.1,12.9,6.3,3,6.67,4.17,2.32,0.19
100,1990,17.5,42.5,16.7,34.9,11.5,5.1,2.1,6.25,4.18,1.93,0.14
101,1960,17.2,52.1,8.3,30.1,10.5,0.4,0.2,4.5,3.04,1.45,0.01
101,1965,18.3,51.4,15.5,29.7,10.2,0.6,0.2,4.65,3.19,1.44,0.02
101,1970,21.6,45.5,21.3,30.7,10.3,2.3,1.2,4.98,3.32,1.59,0.07
101,1975,8,57.8,21.8,32.2,10.4,2.1,1,5.4,3.7,1.63,0.06
101,1980,8.5,46.5,18.4,43.9,15.3,1,0.3,6.03,3.86,2.14,0.02
101,1985,7.8,45.6,18.2,45,15.5,1.5,0.5,6.18,3.92,2.22,0.04
101,1990,8.4,42.9,17.1,46.5,16.2,2.2,0.8,6.34,3.93,2.35,0.06
102,1960,53.9,40.7,10.1,4.9,0.9,0.7,0.1,2.09,1.86,0.21,0.02
102,1965,47.7,41.6,10.8,8.2,1,2.5,0.4,2.69,2.21,0.42,0.06
102,1970,40.5,45.4,14.1,12.7,2.4,1.5,0.3,3.21,2.64,0.54,0.04
102,1975,34.8,43.4,14.4,17.7,3.5,4,0.8,4.01,3.03,0.88,0.1
102,1980,26.7,45.5,15.4,20.4,4.7,7.3,2.1,4.88,3.49,1.19,0.19
102,1985,20.9,44.2,15.1,24.7,6,10.2,4.1,5.69,3.87,1.53,0.29
102,1990,15.9,45.5,15.6,26.8,8,11.8,5.7,6.26,4.15,1.76,0.35
103,1960,21.4,53.8,21.7,19,2.6,5.9,2.7,4.93,3.76,1,0.17
103,1965,19,46.5,20,27.8,13.9,6.8,2.6,5.91,4.07,1.66,0.19
103,1970,17.6,36,17,37.7,9.5,8.8,2.8,6.55,4.38,1.94,0.23
103,1975,11.7,40.1,22.4,39.5,23,8.7,2.5,7.39,4.77,2.4,0.22
103,1980,8.1,33.1,29.4,44.3,31.6,14.6,5.6,8.96,5.41,3.15,0.4
103,1985,7,27.7,17.6,49.2,19,16.2,6.7,8.75,5.28,3.01,0.46
103,1990,6.3,26.1,14.3,50.3,21.7,17.3,7.6,8.96,5.27,3.2,0.5
104,1960,28,60.9,46.7,10.1,3,0.9,0.5,5.01,4.53,0.45,0.03
104,1965,24.4,64.7,28,9.8,2.7,1,0.7,4.48,4,0.44,0.04
104,1970,17.3,72.4,28.9,9,2.3,1.3,0.7,4.72,4.27,0.42,0.04
104,1975,17.7,70.9,21.1,9.6,2.1,1.7,1,4.52,4.01,0.45,0.06
104,1980,10.2,71.3,4.8,15.1,4.8,3.3,0.6,4.82,3.95,0.79,0.08
104,1985,13.4,68.8,22.5,11.3,3,6.6,2.7,5.45,4.45,0.82,0.19
104,1990,12.3,70,30.4,9,2.3,8.7,5.5,5.9,4.75,0.86,0.28
105,1975,68.6,7.7,2.5,18.7,7.9,5.1,3.5,3.01,1.73,1.1,0.17
106,1960,1.79769313486232e+308,1.79769313486232e+308,1.79769313486232e+308,0.1,0,0,0,1.79769313486232e+308,1.79769313486232e+308,0,0
106,1965,1.79769313486232e+308,1.79769313486232e+308,1.79769313486232e+308,0.1,0,0,0,1.79769313486232e+308,1.79769313486232e+308,0,0
106,1970,1.79769313486232e+308,1.79769313486232e+308,1.79769313486232e+308,0.1,0,0,0,1.79769313486232e+308,1.79769313486232e+308,0,0
106,1975,97.5,0.9,0.4,1.2,0.5,0.2,0,0.2,0.13,0.07,0.01
106,1980,87.7,9.6,3.6,2.3,1,0.5,0.1,0.71,0.57,0.13,0.01
106,1985,74.9,15.7,6,8.3,3.4,1.2,0.3,1.67,1.22,0.42,0.03
106,1990,61.3,22.6,8.6,14.5,5.9,1.7,0.6,2.66,1.9,0.71,0.05
107,1960,1.8,79.8,42.3,14.9,4,3.4,1.3,4.37,3.18,1.1,0.09
107,1965,3,75,39.7,17.5,5.3,4.5,1.8,4.67,3.17,1.37,0.13
107,1970,4,43.3,22.4,49,18.5,3.7,1.2,6.75,3.42,3.22,0.1
107,1975,4.5,40.3,20.9,49.6,18.2,5.6,0.3,6.94,3.43,3.4,0.12
107,1980,0,37.1,19.2,58.6,22.2,4.3,0.4,7.58,3.64,3.84,0.09
107,1985,1.5,34.5,17.9,56.6,21.6,7.2,2.3,7.78,3.6,3.99,0.19
107,1990,2.6,31.2,16.2,55.9,21.2,10.2,4.1,8.09,3.59,4.21,0.29
108,1960,1.8,60.7,37.5,31.1,8.9,6.4,4.7,7.87,6.07,1.59,0.22
108,1965,1.6,57.7,40,33.3,8.9,7.4,5.1,8.23,6.27,1.71,0.25
108,1970,1.4,53,49.5,36.7,12.7,8.7,5.7,9.07,6.77,2.01,0.29
108,1975,1.9,50,32,38.3,9.5,9.9,6.2,8.58,6.24,2.02,0.32
108,1980,2.2,46.4,24.6,39.5,9.6,11.9,7.8,8.67,6.09,2.19,0.4
108,1985,2.4,43,21.1,40.3,9.7,14.3,9.7,8.91,6.07,2.36,0.48
108,1990,2.7,40,19,40.6,10,16.7,11.8,9.16,6.07,2.52,0.57
109,1960,10.9,61.8,43.5,25.5,9.5,2,1.2,6.04,4.81,1.17,0.06
109,1965,10.9,59,27.9,28.3,10.7,1.8,1.1,5.75,4.41,1.28,0.06
109,1970,11.6,56.5,22.2,30.2,12.2,1.7,1,5.7,4.27,1.37,0.05
109,1975,13.1,41.2,14.9,35.3,12.7,10.4,7.1,6.84,4.43,2.07,0.35
109,1980,12.3,38.4,13.4,40.3,15.3,9,5.8,7.02,4.51,2.21,0.3
109,1985,11.4,30.5,10.5,44.3,17.8,13.8,9.2,7.87,4.72,2.69,0.46
109,1990,11.5,27.8,9.6,46.8,19.5,14,8.9,8.05,4.77,2.83,0.46
110,1960,1.8,40,22,43.8,15.6,14.4,8.9,10.26,8.03,1.76,0.47
110,1965,1.5,40.9,22.5,47.1,15.9,10.5,6.2,10.05,8.03,1.68,0.33
110,1970,1.8,37.7,20.8,46.7,17.2,13.8,7.5,10.33,8.08,1.83,0.43
110,1975,2.1,37,20.3,45.3,16.9,15.6,8.2,10.41,8.06,1.87,0.48
110,1980,1.9,34.9,19.2,46.4,16.5,16.8,9.3,10.58,8.12,1.93,0.52
110,1985,2,32.8,18,47.1,16.9,18,10,10.72,8.15,2,0.56
110,1990,0,39.7,21.8,44.2,39.4,16,8.5,10.98,8.18,2.31,0.49
111,1960,1.4,88.4,47.1,5.9,0.2,4.3,2.3,7.37,7.02,0.22,0.13
111,1965,1.2,82.7,44.1,11.1,1.3,4.9,2.4,7.63,7.15,0.33,0.15
111,1970,1.3,68,36.3,24.6,5.2,6.1,2.8,8.26,7.45,0.63,0.18
111,1975,0.4,63.5,33.8,26.4,10.9,9.7,3.5,8.75,7.63,0.85,0.26
111,1980,1.4,46.4,24.7,40,25.5,12.2,5.5,9.6,7.9,1.35,0.35
111,1985,1,51.4,27.3,34.4,18.2,13.2,6.1,9.4,7.83,1.19,0.39
111,1990,0,48,25.5,37.2,17.2,15,6.8,9.7,8,1.26,0.44
112,1960,0.5,89,52.4,7,2.2,3.4,1.4,4.74,4.05,0.58,0.1
112,1965,1,84.1,49.2,10.5,1.9,4.4,1.7,4.98,4.08,0.78,0.12
112,1970,1.2,81,46.4,14,2.5,3.9,0.6,5.07,4.08,0.91,0.09
112,1975,1,74.6,39.8,17.9,3.7,6.3,2,5.49,4.07,1.26,0.16
112,1980,1,63,24.9,27.7,9.4,8.3,3.6,6.21,4,1.97,0.24
112,1985,0.9,58.3,26,30.4,7.3,10.4,4.7,6.62,4.15,2.17,0.3
112,1990,0.6,54.7,25.1,31.6,7.7,13.1,6,7.02,4.23,2.41,0.38
113,1960,1.8,77.3,41,19,5.6,1.8,0.5,7.81,7.2,0.56,0.05
113,1965,1.6,75.6,40.1,19.9,7.1,2.8,1,7.98,7.25,0.65,0.08
113,1970,1.4,74.7,39.6,20.2,7.3,3.7,1.3,8.1,7.3,0.7,0.1
113,1975,0.5,75.5,40.1,17,5.4,6.9,2.4,8.28,7.36,0.73,0.19
113,1980,0.2,72.9,38.7,18.8,4.4,8.1,3.1,8.46,7.45,0.79,0.22
113,1985,1.1,67.8,36.1,22,6.7,9.1,3.2,8.66,7.47,0.94,0.25
113,1990,2.4,62.7,33.3,22.4,7.4,12.4,5.2,8.91,7.46,1.09,0.35
114,1960,8.3,67.8,45.7,20.6,6.7,3.3,2.5,5.97,4.84,1.02,0.12
114,1965,8.6,64,44.8,23.2,7.6,4.2,2.8,6.23,4.91,1.18,0.14
114,1970,7.8,61.8,43.1,24.8,9.2,5.6,3.6,6.51,4.97,1.36,0.19
114,1975,7.3,58.1,41.8,27.4,11.1,7.3,4.8,6.91,5.08,1.59,0.24
114,1980,4,56.8,44.4,27.8,15,11.4,8.9,7.76,5.39,1.97,0.41
114,1985,4,52.6,50.2,30.3,14,13,9.7,8.25,5.68,2.11,0.45
114,1990,2.1,45.9,36.2,46.1,39.7,5.9,3.2,9.2,6.09,2.92,0.18
115,1960,2.7,86,51.2,6,0.1,5.3,4.6,6.98,6.39,0.39,0.2
115,1965,2,81.4,51.5,11.3,1.6,5.1,4,7.38,6.63,0.56,0.18
115,1970,2.8,85.8,69.2,6.7,1.3,4.7,3.5,7.68,7.12,0.4,0.16
115,1975,3,82.6,61.9,8.7,1.6,5.6,4.1,7.62,6.92,0.5,0.19
115,1980,0.8,55.2,46.6,35.8,11.7,8.4,6.9,9.45,7.61,1.53,0.31
115,1985,0.9,52.4,39.3,37.7,12.1,8.8,7.5,9.32,7.39,1.61,0.33
115,1990,0.9,48.9,32.6,40.3,12.6,9.8,8.3,9.36,7.27,1.73,0.36
116,1960,1,81.1,43.4,12.4,2.4,5.5,2.6,5.82,4.81,0.85,0.16
116,1965,0.7,74.2,39.7,19.1,4.2,6,2.8,6.26,4.92,1.16,0.18
116,1970,1.3,67.1,35.8,24.6,6.4,7,3.1,6.67,4.98,1.48,0.2
116,1975,1.7,59.8,31.9,30,8.1,8.5,3.6,7.12,5.06,1.82,0.24
116,1980,1.5,54,28.8,34.3,10.1,10.2,4.4,7.59,5.15,2.15,0.29
116,1985,1.6,48.4,25.8,38.5,12.2,11.5,5.5,8.01,5.22,2.45,0.34
116,1990,1.9,43,22.9,42.4,14,12.6,6.4,8.38,5.28,2.72,0.38
117,1960,4.4,67.1,36,24.6,9,3.9,1.9,6.16,4.8,1.24,0.12
117,1965,4,64.6,34.6,26.5,8.9,4.9,2.2,6.35,4.86,1.35,0.14
117,1970,3.6,61.1,32.7,29.2,9.5,6.1,2.7,6.64,4.93,1.53,0.18
117,1975,2.8,56.7,30.4,32.4,10,8,3.3,7.03,5.04,1.76,0.23
117,1980,2.7,51.9,27.8,35.8,11.3,9.6,4.3,7.39,5.12,1.99,0.28
117,1985,3.8,43.8,23.4,40.6,12.3,11.8,5.3,7.8,5.16,2.3,0.34
117,1990,6.9,37.3,19.9,41.1,13.7,14.7,6.5,8.02,5.07,2.53,0.42
118,1960,8,70.5,42.6,18.8,5.6,2.8,1,5.05,3.91,1.07,0.08
118,1965,7,68.4,43.3,20.7,6.2,3.8,1.5,5.37,4.02,1.24,0.11
118,1970,4.7,64,47.3,28.2,9,3.1,0.5,5.96,4.35,1.54,0.07
118,1975,4.2,60.7,34.1,29.3,9.2,5.8,1.7,6.08,4.12,1.8,0.15
118,1980,12.2,39.3,19.7,44.1,14.6,4.3,0.7,6.4,3.9,2.4,0.1
118,1985,11.2,38,18.2,44.1,13,6.7,2.4,6.63,3.94,2.51,0.18
118,1990,10.5,37.2,17.5,43.1,12.4,9.3,3.9,6.9,3.98,2.65,0.26
121,1960,2,83.2,44.4,12.9,3.7,1.9,0.4,5.37,4.71,0.61,0.04
121,1965,2.3,76.6,40.8,16.9,2.8,4.2,0.9,5.73,4.79,0.84,0.1
121,1970,2.7,33.8,17.9,55.3,9.6,8.3,3,8.03,5.36,2.44,0.22
121,1975,3.3,31.3,16.6,54.2,9.8,11.2,4.5,8.26,5.36,2.59,0.31
121,1980,4.1,28.7,15.2,53.3,10.3,13.9,6.1,8.49,5.35,2.74,0.4
121,1985,4.5,26.5,14,52.5,10.8,16.5,7.8,8.73,5.35,2.89,0.49
121,1990,4.1,26.1,13.8,50.3,11.2,19.5,9.5,8.97,5.38,3.01,0.58
122,1960,2,78.7,41.9,16.4,5.6,2.9,0.9,5.69,4.78,0.83,0.08
122,1965,7.8,70.1,37.2,18.3,5.8,3.8,1.2,5.6,4.55,0.96,0.1
122,1970,0.8,63.8,33.9,26.6,9.1,8.8,3.3,6.9,5.06,1.6,0.24
122,1975,2.3,57.2,30.3,29.6,9.4,10.9,4.2,7.18,5.06,1.83,0.3
122,1980,2.2,50.8,27,33.6,11.1,13.4,5.6,7.67,5.15,2.14,0.38
122,1985,3.6,45.4,24,36,12,15,6.3,7.91,5.14,2.34,0.43
122,1990,2.3,43.3,23,37,12.6,17.5,7.3,8.28,5.25,2.54,0.49
123,1960,4.7,67.1,39.6,23.8,9.4,4.5,3.2,7.54,6.54,0.85,0.15
123,1965,4.8,65.8,39.5,24.5,7.5,4.8,3.3,7.56,6.56,0.83,0.16
123,1970,2.3,63,44,29.1,9.3,5.7,3.3,8.24,7.06,1,0.18
123,1975,2,60.8,44.1,30.1,8.8,7.1,4.2,8.47,7.18,1.06,0.23
123,1980,1.4,49.9,41.4,43.2,13.9,5.5,3,9.08,7.55,1.36,0.17
123,1985,1.8,46.6,35.3,44.3,14.5,7.2,4.9,9.1,7.4,1.46,0.24
123,1990,0.8,39.7,35.9,52.3,17.1,7.2,4.7,9.7,7.79,1.68,0.24
124,1960,37,56.9,27,4.5,1.5,1.7,0.6,2.34,1.92,0.37,0.05
124,1965,32.1,59.1,41.8,6.7,1.4,2.2,0.8,2.95,2.37,0.52,0.06
124,1970,30.6,58,43.6,9.2,2.1,2,0.5,3.18,2.48,0.65,0.05
124,1975,28.4,58.2,32.5,10.2,2.9,3.3,1,3.23,2.35,0.8,0.08
124,1980,16.3,61.9,31,17.2,6.2,4.7,1.8,4.18,2.74,1.32,0.13
124,1985,17.1,59.3,28.4,18.1,6.2,5.4,2.3,4.26,2.7,1.41,0.15
124,1990,16.3,60.3,28.3,16.3,6.1,7,2.8,4.34,2.71,1.43,0.2
125,1960,25,68.5,41.7,2.2,0.1,4.4,2.3,3.65,3.08,0.44,0.13
125,1965,32.4,59.1,39,4.7,0.5,3.8,1.8,3.54,2.88,0.55,0.11
125,1970,6.9,79.7,66.3,8.7,3.5,4.8,2.1,5.35,4.32,0.89,0.14
125,1975,6.9,73.4,46.4,12.8,2.3,7,2.6,5.45,3.98,1.28,0.19
125,1980,3.7,58.6,34.9,28.3,13.4,9.4,4.1,6.98,4.22,2.49,0.27
125,1985,2.4,60.5,27.6,30.3,14.7,6.8,2.3,6.68,4.06,2.44,0.18
125,1990,2.3,54.8,17,32.9,10.9,9.9,3.9,6.99,3.94,2.78,0.28
126,1960,0,46.3,25.3,47.6,24,6.6,3.8,8.46,5.4,2.85,0.21
126,1965,0,48,21.2,45.1,27.8,6.9,3.6,8.35,5.19,2.95,0.21
126,1970,1,45.6,7.4,46,33.1,7.3,3.2,8.21,4.78,3.22,0.21
126,1975,1.6,44,14.7,40.7,36.5,13.7,6.9,9.09,5.03,3.65,0.41
126,1980,3,33.1,13.8,47.3,39.1,16.6,9.3,9.91,5.24,4.15,0.52
126,1985,3.3,32,14.3,47.1,28.7,17.6,10,9.61,5.27,3.79,0.55
126,1990,3.2,30.4,14,47.8,24.2,18.6,10.7,9.61,5.32,3.7,0.59
127,1960,0.2,63.6,33.8,23.6,9.4,12.6,7.2,7.24,5.09,1.75,0.4
127,1965,0.2,64.8,34.5,22.3,9.4,12.7,7.1,7.19,5.08,1.71,0.39
127,1970,4.6,58.5,31.1,23.9,10.2,13.1,7.2,7.12,4.9,1.81,0.4
127,1975,6.4,53.6,28.5,26.3,13.1,13.7,7.4,7.29,4.86,2.01,0.42
127,1980,1.9,25.7,13.6,57.4,47.9,15,7.7,10.04,5.52,4.06,0.45
127,1985,4.4,20.7,10.9,58.5,34,16.4,8.3,9.7,5.44,3.76,0.5
127,1990,5.8,18.7,9.8,57,29.5,18.5,9.3,9.65,5.38,3.71,0.56
128,1960,43.2,49.2,29.6,6.6,1.9,1,0.2,2.69,2.35,0.31,0.02
128,1965,38.5,49.8,32,9.5,2.8,1.9,0.6,3.15,2.61,0.48,0.05
128,1970,36.7,48.5,24.6,11.9,2.9,2.8,0.9,3.25,2.57,0.61,0.07
128,1975,33.9,48.5,23.2,15.4,4.3,2.2,0,3.44,2.67,0.72,0.04
128,1980,27,50,23.4,18.5,5,4.5,1.9,4.09,2.99,0.98,0.13
128,1985,30.3,43.4,20.2,20.7,5.8,5.6,2.2,4.19,2.91,1.13,0.16
128,1990,30.4,38.7,18,23.5,6.4,7.4,2.8,4.51,2.96,1.34,0.21
129,1960,2,66.8,62.9,29,1.6,2.2,0.6,7.83,6.72,1.05,0.06
129,1965,4.6,61,39.2,30.9,3.1,3.5,1.2,7.24,5.92,1.23,0.09
129,1970,6.8,52.9,28.1,32.3,4.2,8,3.9,7.48,5.66,1.58,0.24
129,1975,6.3,46.7,22.9,34.8,5.2,12.3,6.3,8.03,5.73,1.93,0.37
129,1980,5.8,43.6,20.7,37.2,6.2,13.4,6.9,8.3,5.79,2.1,0.41
129,1985,5.8,40.6,19.1,39,7.2,14.5,7.5,8.54,5.84,2.26,0.44
129,1990,5.5,38.6,18,39.6,8.1,16.2,8.4,8.79,5.89,2.41,0.49
130,1960,11,73,7.5,14,4.2,2.1,0.2,4.99,4.5,0.45,0.04
130,1965,21,60,36.9,15.3,4,3.7,1.5,6.03,5.39,0.53,0.1
130,1970,9.9,61.8,28.3,23.7,5.8,4.6,2,6.77,5.86,0.77,0.13
130,1975,11.2,54.5,21.4,27.1,6.9,7.1,3.4,6.94,5.77,0.96,0.21
130,1980,7.2,52.6,22.8,32.9,9.3,7.2,3.8,7.57,6.22,1.13,0.22
130,1985,8.2,47.7,21.3,35.6,10.6,8.5,5.5,7.83,6.29,1.26,0.28
130,1990,9.6,43.2,19.6,37.7,11.7,9.4,6.6,7.97,6.29,1.36,0.32
131,1960,0,29,16,67.4,27.4,3.6,1.2,9.39,6.55,2.75,0.1
131,1965,0.8,29.9,16.5,63.8,24.4,5.4,2,9.3,6.47,2.67,0.15
131,1970,0.8,22.7,12.5,47.3,16.3,29.2,15.8,10.69,6.59,3.21,0.9
131,1975,3.2,20.1,11.1,47.8,16.4,28.9,15.4,10.56,6.46,3.21,0.89
131,1980,0.8,22.8,12.6,47.6,16.7,28.8,15.5,10.68,6.59,3.2,0.89
131,1985,1.8,20.8,11.5,48.6,16.8,28.8,15.6,10.67,6.55,3.23,0.89
131,1990,2.1,20.5,11.3,48,17.2,29.4,15.9,10.69,6.53,3.25,0.91
132,1960,8.3,80.1,27.2,6.7,1.4,4.9,3.4,5.74,5.22,0.36,0.17
132,1965,11.3,75.8,15.1,9,1.9,3.9,2.7,5.18,4.67,0.37,0.13
132,1970,13.7,63.2,26.7,19.8,2.8,3.3,2.2,6.14,5.45,0.59,0.11
132,1975,9,61.7,23.4,26,10.2,3.3,1.8,6.7,5.74,0.86,0.1
132,1980,7.2,56.9,24.8,32.7,9,3.1,1.8,7.19,6.14,0.96,0.1
132,1985,5,51.3,21,39,13.9,4.8,2.9,7.81,6.4,1.25,0.15
132,1990,4.2,50.1,26.3,39.3,13.8,6.5,2.8,8.22,6.71,1.32,0.19
133,1960,0,33.6,17.9,60.7,18.4,5.7,1.6,9.78,7.37,2.26,0.15
133,1965,0.7,31.8,17,60.6,17.7,6.9,1.9,9.83,7.35,2.3,0.18
133,1970,3.3,28,14.9,60,17.4,8.7,2.3,9.8,7.21,2.37,0.22
133,1975,0.7,13.8,7.3,60.5,17.5,24.9,8.5,11.54,7.68,3.2,0.67
133,1980,1,8.3,4.4,58.9,17.1,31.9,11,12.12,7.77,3.49,0.86
133,1985,0.8,9.6,5.1,57.1,16.9,32.5,11.2,12.1,7.75,3.47,0.87
133,1990,0,31.1,16.5,27.8,11.5,41.1,14.6,11.57,7.42,3.04,1.11
134,1960,81,6.9,3,12.2,3.5,0,0,1.42,1.03,0.39,0
134,1965,80,9,3.2,11,2.6,0,0,1.37,1.03,0.34,0
134,1970,72.2,18.7,1.3,9,1.6,0,0,1.41,1.14,0.27,0
134,1975,66,23.1,10.2,10.7,1.2,0,0,1.94,1.64,0.3,0
134,1980,64.6,24.4,12.9,10.6,0.4,0.4,0,2.09,1.78,0.3,0.01
134,1985,58,29.8,13.9,11.6,1.5,0.7,0.2,2.43,2.05,0.36,0.02
134,1990,53.1,34.7,17,11.2,2.5,1.1,0.4,2.71,2.29,0.39,0.03
140,1960,67.2,31.1,10.3,1.7,0.2,0,0,1.4,1.34,0.06,0
140,1965,61.8,33.6,7,4.3,1,0.3,0,1.68,1.49,0.18,0.01
140,1970,55.4,36,14,7.6,1.3,1.1,0.2,2.37,2.02,0.33,0.03
140,1975,40.8,46.4,14.5,11.2,1.9,1.5,0.1,3.1,2.59,0.48,0.03
140,1980,1.79769313486232e+308,1.79769313486232e+308,1.79769313486232e+308,1.79769313486232e+308,1.79769313486232e+308,2.9,0.8,1.79769313486232e+308,1.79769313486232e+308,1.79769313486232e+308,0.07
140,1985,36.9,38.4,16.6,24.2,13.8,0.6,0.1,4.31,3.13,1.18,0.01
140,1990,1.79769313486232e+308,1.79769313486232e+308,1.79769313486232e+308,1.79769313486232e+308,1.79769313486232e+308,3.5,0.5,1.79769313486232e+308,1.79769313486232e+308,1.79769313486232e+308,0.08
141,1960,1.79769313486232e+308,1.79769313486232e+308,1.79769313486232e+308,1.79769313486232e+308,1.79769313486232e+308,2.2,1.4,1.79769313486232e+308,1.79769313486232e+308,1.79769313486232e+308,0.07
142,1960,62.9,28.5,12.2,8,2.9,0.7,0.5,1.93,1.45,0.45,0.02
142,1965,39.8,49.8,16.2,9.9,3.3,0.6,0.1,2.72,2.17,0.53,0.01
142,1970,40.6,46,16.7,12.4,2.5,1,0.4,2.91,2.24,0.64,0.03
142,1975,42.6,40.1,18.2,15.9,2.8,1.5,0.7,3.19,2.32,0.82,0.04
142,1980,1.79769313486232e+308,1.79769313486232e+308,1.79769313486232e+308,1.79769313486232e+308,1.79769313486232e+308,2.1,0.9,1.79769313486232e+308,1.79769313486232e+308,1.79769313486232e+308,0.06
150,1960,7.5,76,48.6,10.9,2.5,5.7,3.9,6.99,6.31,0.49,0.19
150,1965,7.1,73.1,46.8,14.5,3.6,5.2,4.3,7.14,6.38,0.57,0.19
150,1970,7.3,67.9,43.5,18.6,4.4,6.2,4,7.36,6.44,0.71,0.2
150,1975,6.7,63.8,41.2,22.3,5.9,7.2,4.8,7.65,6.56,0.85,0.24
150,1980,5.9,60.9,40.4,25.4,7.3,7.8,5.6,7.94,6.71,0.97,0.27
150,1985,3.9,58.8,42,28.1,8.1,9.2,6.1,8.41,7.01,1.09,0.31
150,1990,2.8,44.7,35.7,39.9,13.2,12.3,8.3,9.36,7.39,1.55,0.41
151,1960,0.6,70.5,24.2,25.4,11.4,3.4,1.8,7.84,6.86,0.87,0.1
151,1965,3.1,67.7,23.2,24.4,7.9,4.8,2.6,7.71,6.72,0.84,0.15
151,1970,0.4,42.7,14.2,52,18.4,5,3.1,9.46,7.69,1.61,0.16
151,1975,2.5,41.7,13.8,49.6,17.4,6.2,3.8,9.3,7.52,1.59,0.2
151,1980,0.3,37.2,12.4,55.6,20.4,6.8,4,9.85,7.84,1.79,0.22
151,1985,1.2,39.7,13.4,51.1,18.7,7.9,5.3,9.68,7.71,1.71,0.26
151,1990,0.2,26,8.6,64.5,21.6,9.3,6.4,10.6,8.2,2.09,0.31
152,1960,0.8,31.2,9.5,55.4,19.8,12.6,8.5,9.5,7.07,2.01,0.42
152,1965,0.8,31.7,9.8,55.1,19.4,12.3,10,9.49,7.06,1.98,0.45
152,1970,0.5,28.9,8.9,56.7,17.8,13.9,9.4,9.67,7.16,2.05,0.47
152,1975,0.3,27,8.4,57.6,18.4,15.2,10.6,9.88,7.24,2.13,0.51
152,1980,0.5,18.8,5.9,63.9,20.6,16.8,11.5,10.37,7.44,2.36,0.56
152,1985,3.3,16.4,5.1,61.8,20.8,18.6,12.9,10.31,7.29,2.4,0.63
152,1990,5.5,14.3,4.4,60,20.7,20.2,14.6,10.28,7.16,2.42,0.7
153,1960,9.1,59,17.9,28.4,10.4,3.4,2.3,6.65,5.62,0.91,0.11
153,1965,6.7,62,24.1,28.1,9.3,3.2,1.8,6.92,5.95,0.87,0.1
153,1970,6.7,60.9,25.7,28.4,9,4,2.4,7.09,6.06,0.91,0.13
153,1975,7.3,9.6,7.8,78.3,28.4,4.8,3.1,9.83,7.34,2.33,0.16
153,1980,7.1,12.4,8.7,74.7,27.3,5.8,3.8,9.75,7.29,2.27,0.19
153,1985,5.8,15.8,9.7,72.3,25.3,6.1,4.4,9.69,7.29,2.2,0.21
153,1990,2.2,16.6,8,74.5,25.7,6.6,4.4,9.96,7.47,2.27,0.22
154,1960,1.5,53,32.7,40,14,5.4,2.8,8.53,7.07,1.3,0.16
154,1965,1.5,43.6,26.9,49.1,16.6,5.8,2.3,8.92,7.21,1.55,0.16
154,1970,0.5,33.5,20.8,58.1,20.5,7.9,4.2,9.59,7.45,1.89,0.24
154,1975,2.4,29.2,18.3,58.8,17.7,9.6,5.8,9.59,7.37,1.91,0.31
154,1980,1,31,19.4,59.6,9.7,9.1,5.3,9.56,7.52,1.75,0.29
154,1985,0.9,28.1,18.3,60.3,19.3,10.8,7,9.92,7.54,2.02,0.36
154,1990,0,14,11,72.9,24.2,13.2,8.9,10.79,7.89,2.47,0.44
155,1960,33.7,58.6,38.1,5.7,1.3,2.1,1.2,3.76,3.37,0.33,0.07
155,1965,38.7,52.7,34.9,6.3,1.6,2.4,1.3,3.61,3.15,0.38,0.08
155,1970,10.5,79.5,50.5,7,1.7,3,1.6,5.03,4.5,0.44,0.09
155,1975,13.8,73.4,45.6,8.3,1.6,4.6,1.9,5.04,4.34,0.57,0.13
155,1980,7.4,43.9,23.4,43.6,13.3,5.1,2.2,7.1,4.94,2.01,0.14
155,1985,6.4,42.4,20.1,43.7,12.8,7.6,3.2,7.31,4.95,2.15,0.22
155,1990,6.1,40.8,18.6,44.1,13.5,9.1,4.9,7.52,4.97,2.27,0.28